cookie_id,score
ck_00013fdfa0bd37dd,0.008097607666361313
ck_001e42551cd06e40,0.007609970671666368
ck_0027b5d4107d65d8,0.050797758735989615
ck_0027ba644f9ae2cd,0.11721972160972433
ck_002cf760d173f0f8,0.009874185250398343
ck_002eb6552b504ea1,0.0029546971029835484
ck_003148504557f720,0.09540385787749828
ck_0034d010d28aea78,0.013727436781335598
ck_003aa842b7ca1d77,0.551643685996786
ck_00480407160e0743,0.0019364005567927666
ck_004de16f7d8a42ae,0.03854118347880893
ck_004efa95555437e9,0.009631175588964697
ck_004fe0daecbe2c1a,0.0023516852347840035
ck_0063d2a9507467e5,0.00922842672311944
ck_007337aa99a4891e,0.001200680622990505
ck_0084d8ab6b1044f3,0.0047805218357562
ck_00a07fc2a9183c3a,0.0018454533558480905
ck_00aa5fc3b3bc66aa,0.013791524088018849
ck_00b9818e2064405e,0.13976828684965079
ck_00bd7803f2530c68,0.04637212701769951
ck_00d1ebc31ec4653c,0.003666671007309774
ck_00d6730134a1eb51,0.010920279537382374
ck_00dafc060c8de32a,0.003471023061449192
ck_00f9ca84d1d8ae7a,0.0019140620872405655
ck_00ff7389d6a83e29,0.3530732991592649
ck_010264ae04f2e902,0.4335174301640273
ck_010d0c2e6c1657fd,0.048811213277101584
ck_011551a596544f5d,0.0019923995884715503
ck_012519bb095ad36b,0.9782296879377689
ck_01645ea51972e99a,0.03282008787080612
ck_016e8c8eaf9d511b,0.09544617550478554
ck_017208fcc01b5d40,0.00433480510529628
ck_0174d76398d9dc0f,0.0055333657332419664
ck_018f780215ecaf38,0.009657495612308359
ck_019d5891103e7da3,0.0033143759047579617
ck_01a750db6fc1168a,0.05499377955210411
ck_01ac687ce0d696a7,0.024024910693320432
ck_01c1f06692566ca1,0.016389195617805098
ck_01c631b38e8a9535,0.06593234421561078
ck_01d840cffb870615,0.4912295957900616
ck_01e0689157fe9617,0.28520257131202276
ck_01e5986ebb9a78f1,0.044355865223053584
ck_01e7960c63dca3a4,0.8653232405617199
ck_01eb24c18ad11fca,0.029911894951860207
ck_01ef1036b2e66a4b,0.009895096723847094
ck_01fbafc42c8e33f5,0.009866873813467032
ck_02028b72f26fe855,0.012435525205086673
ck_020eb0e454524ecd,0.00506039597263122
ck_021c6a4a7e3f1f0e,0.0018995491137678978
ck_02241f3dc301bebf,0.0050787474946914326
ck_0229a07185f15469,0.01827378859335138
ck_022a8ae79eb28cf6,0.8600554059540405
ck_023908db0a193076,0.028455563828565244
ck_024dcab126876002,0.03218973986891879
ck_0253b3e7be021306,0.0018449474240638752
ck_0259da8f109017e9,0.0018160627696891722
ck_0274d881d6db82c8,0.010177524569261123
ck_027614eeba8b1a4b,0.016691222046780547
ck_0284dc2b4f856b3a,0.3339591616774012
ck_028c41b195280980,0.006486480439753672
ck_02903c48b6cfd65d,0.002371128529644405
ck_02a8582c2603e675,0.0093210186978707
ck_02a9104419a6dbaf,0.016132006136312365
ck_02adda6e91e49650,0.06621425088368788
ck_02b9f418524f6650,0.010805608500869892
ck_02d4cef6358ad3b7,0.0075218703901654355
ck_02dbabda93c8c13d,0.044355865223053584
ck_02e5f9cbbbf2f078,0.017492439319254677
ck_02ec4e06709e6b82,0.005601601791156311
ck_03009b721568ee98,0.019585909702645114
ck_0302f67d75973dce,0.028961623510792678
ck_0308e0602b856445,0.003162932413350756
ck_030cf09525dba4ba,0.0022744573339076655
ck_03129b41457795d2,0.016482980232224977
ck_0324a4812ec319c6,0.004250031373361052
ck_032880f1114dd51c,0.022297604935665773
ck_0348cc6908f7f3af,0.0022265274218136004
ck_039e6d5a330cea1a,0.09466699442297781
ck_03be334935e999a2,0.009404688248829125
ck_03c4fa4f3ed3512e,0.0007911566833994618
ck_03d3026107175dae,0.02474979727316118
ck_03e904682dc73bba,0.040785493127413655
ck_03f6664a96de7d0f,0.03409345189683342
ck_0406931800e0e2e6,0.002185053073968245
ck_0414507baeea936a,0.044326097378443216
ck_041614694b77e599,0.01897089025920694
ck_04212a9bb9b28696,0.9972583798553138
ck_04219a7ea798db51,0.026163530206359552
ck_0428728df24cdab4,0.014523621528116653
ck_0446920a1004c596,0.0017729294362955604
ck_04470bc93b8a0d71,0.008839107357989352
ck_044fa3b3a003f0b5,0.03206745866641187
ck_04a1a46f07885296,0.023020007209476365
ck_04bd8a1ffaf3ffd8,0.002020293739119549
ck_04d2ea38ee27770f,0.0022588558596288414
ck_04e32ee9834c088d,0.5416743128703213
ck_04e40f556a5062ef,0.06567205030897176
ck_04e89fbd739243fa,0.002365302283504332
ck_04fb61e5739642f8,0.04059642098482366
ck_0508908697f60ce3,0.23442308456878735
ck_0525349f3945375b,0.03035904128225511
ck_053746067839696b,0.044355865223053584
ck_054ed4288ee58d6e,0.045401151522864176
ck_055fb9f2e1c8c934,0.0560232214649405
ck_05652e8ace6ce6cb,0.0018593183811598253
ck_0567302c57a2417e,0.41362937840009584
ck_056d5f0301c30902,0.38624468717781707
ck_0576b00d728bdf19,0.05042735405963272
ck_0593ae243a9ebee9,0.014476555053861282
ck_0595c2a0c7881e05,0.021489013654704205
ck_059806c52cebe4f1,0.2029723681785359
ck_059e4fac6b7f704e,0.009939837909404382
ck_05a00b1dd5a03359,0.009746742339243986
ck_05ab5b03d0bf9ce4,0.32227897653019055
ck_05b2b04e11d9ae9c,0.07766568504198822
ck_05c4dcbb45de1f8d,0.002700333342150786
ck_05c97fc9de11aba6,0.22528805725352113
ck_05d44eb1f5f085ce,0.012398082976920455
ck_05d81b1a150f31c5,0.004402366499561632
ck_05e01ab9c95449da,0.045673813864027975
ck_05ea4440dac6cfad,0.02428753050693722
ck_05ed92a7c3e10e5d,0.006153274923021043
ck_05f375fc8ae0afb0,0.019933282168390958
ck_05f79ddd8eefaa56,0.014836172395051386
ck_06010f0df5b7cef8,0.0022004212697586682
ck_062754f8b79b86e5,0.0008412390136951192
ck_06280e6d6d2485b0,0.005466057730460218
ck_064013b0957d87a5,0.9939022141297534
ck_064b2aa3f0bfdb6e,0.01716851130217565
ck_069d158665a53909,0.0827635995568998
ck_06aee5a62a67a84c,0.04227134772318185
ck_06d0e4a9189302a9,0.02391759616337134
ck_06e73afdec26aecc,0.12975812642413956
ck_06f042e9b1b662fd,0.08464900298334145
ck_071ddaaf2e4e3671,0.00663341554559577
ck_0734fd90b2cabd43,0.0020084630292157924
ck_073509af21dd7f5f,0.4821651041562757
ck_073da541ec3f9d3d,0.05430782192685939
ck_0742fe64055d686f,0.0012980427681116944
ck_074be35c951ae10a,0.04107385104221364
ck_074f20921189e7d6,0.0067737652051458345
ck_076cbc25c8f15fc3,0.7559031380582294
ck_07840bba5570785b,0.0027607651446770833
ck_0789a05e061b2784,0.5520878425467752
ck_0789ff4562202b20,0.01038973415511357
ck_079bd18dacb704a8,0.20275364730817683
ck_07a5610ed28162fb,0.020508726025356933
ck_07cb2b6f2a4303e1,0.01607696490358594
ck_07f1734be7fac56a,0.030419036657116042
ck_083e4ac78685c3bb,0.02936802428745986
ck_0841a5c24fd3dd28,0.013120654932323028
ck_084322dc5a3a86f0,0.016750699169292085
ck_084a85145c15ed77,0.0021606361367041073
ck_084cd84501012218,0.5814935682872049
ck_085d8c42739e2b10,0.9895601929824109
ck_086d29ccae565e5d,0.0018872735390941988
ck_089e3a07abbe3b8f,0.0023219767337094525
ck_08a0355d1f1890ef,0.018540537013806153
ck_08a6d4903a7fbaca,0.04122675796772815
ck_08b4619490e751a8,0.7951944835632679
ck_08b77ad5f8f73007,0.003635286716113939
ck_08c6cc1e143475e3,0.0016260141452134969
ck_08c7bb0f9851cb76,0.05849846252059534
ck_08dba09fd7dab896,0.013831623442557145
ck_08fb463e69f647c8,0.9759101140717894
ck_08ff5bd467226a5f,0.0010816164442115125
ck_09054e97bdf9624e,0.008298078072494587
ck_09169f22194fd6aa,0.03856971671724951
ck_093e3a7134e11d6b,0.022253938871146094
ck_0943e0f305078e34,0.8691541749549307
ck_094974d75e29fb2f,0.15191633600007495
ck_094d10439b7b4eac,0.0028154836395023943
ck_09748dfe4df3d540,0.0023620647624030336
ck_098167eaf124c279,0.048596925708976384
ck_09a988ebcf062297,0.0860937098251049
ck_09aadb4c41b166f1,0.0994095044816337
ck_09b0d8af304646bd,0.0029594122967018114
ck_09cd5c4df1e81ac2,0.027619318783029995
ck_09e9c51eb538b255,0.0029775141984818313
ck_09f8f51bfd2492c6,0.009545448219996141
ck_09faa4e771cf876b,0.002662833887615378
ck_09fab6b9825001b2,0.002997845929752883
ck_09fd43f1b7e2eca2,0.002835607951097841
ck_0a0cd7f4be606a93,0.04184916218515762
ck_0a2b7078736b4dda,0.00625428646974778
ck_0a2f8b2f8a5b6f02,0.03911076711569018
ck_0a45d033d4e280ea,0.05361879335997894
ck_0a4d7acd2a53cbbd,0.0023738838629916103
ck_0a4e191cd0a57ce1,0.002366139222402507
ck_0a7adc2f27f98510,0.6787712436014228
ck_0a7ba51d626e932a,0.009145964296627477
ck_0a8029e79a5ae7ce,0.013832719716694452
ck_0a921a73a90c2e39,0.05434031615962205
ck_0a93ed76bf36c8b6,0.0032853988658015274
ck_0a993bc947bab61f,0.008743728712383965
ck_0aa9db36eb16422a,0.0022712437095896675
ck_0aaaa9d2f75a0518,0.0014309535962971542
ck_0ac9114076f5bf3d,0.00737928983676627
ck_0ac9848bd4ba0c14,0.0011495000549259528
ck_0acc3d8c67218b9d,0.0035729977630411807
ck_0ad6fa0e23c3bd0a,0.0746716574906963
ck_0ada63008be5685a,0.04248055867259953
ck_0ada6fed1864e7c4,0.02322533725299819
ck_0adcb1fffcb0a34b,0.012931844608156055
ck_0add2c321d579d75,0.044355865223053584
ck_0af18b3ce015d294,0.005218803080175434
ck_0af3c13ba56ce57c,0.004438958162202517
ck_0af57ebaa45877a1,0.004181051679909173
ck_0af5b7d128035b35,0.02234103844141891
ck_0afa4449f20d5196,0.003401176350227423
ck_0b0c93039f987abc,0.01727509520358774
ck_0b0e79d33e50cba5,0.0028750350607277732
ck_0b1d84252c0b46c2,0.0023681692094929285
ck_0b20bfc515ba42a2,0.007406340057883232
ck_0b259620eac51618,0.010159159770156183
ck_0b2eeb4e00ff7955,0.01980342632883794
ck_0b34197335ba3341,0.015112931379012314
ck_0b3c3bea0e0ed339,0.012775793226921794
ck_0b615ed566da1f58,0.009417964481923866
ck_0b8b7c5c581fd161,0.0016121996989523068
ck_0b9fcff9667ec05a,0.012209251183332343
ck_0bd77fea8ed75a15,0.034253222766148714
ck_0bf2e13b9f2601ac,0.04676216717475757
ck_0bf35dcf7b38f650,0.0024215782446627854
ck_0bf48607a874b4d1,0.03401781442272442
ck_0bfc394c5faa65cb,0.03592063709374772
ck_0bfe62e0c7eab9c9,0.011331135849995625
ck_0c0dde42ab64ef87,0.021378277489431725
ck_0c1f088e17e46daf,0.044355865223053584
ck_0c2932cc0d553694,0.023810775293178318
ck_0c3dd22587b08018,0.01334313032505728
ck_0c45e54897ab34e2,0.06980450828525568
ck_0c533ff2d0f9962a,0.014792573299917677
ck_0c5ba86f4e05b38d,0.006271575650368339
ck_0c6a50d747593b7b,0.03074362940610276
ck_0c6e7bd357e4a348,0.002172420076574178
ck_0c9e420f97baaa06,0.5506671261967033
ck_0cb9f54928f4feee,0.018780681965341516
ck_0cbd3b27063d4415,0.24327952436303213
ck_0cd8802264e0a1ef,0.025861224183426814
ck_0cf220816e320ac5,0.006384033889944029
ck_0cff8153881875ba,0.026568275642899215
ck_0d0a1a021efea5b6,0.04175548194362001
ck_0d16d9349e4a9e08,0.024943338279604755
ck_0d2901bfe585c391,0.06570799857840409
ck_0d33977c3de8cfaf,0.9967574318772963
ck_0d362ddb4a1cb6d4,0.042071352425118405
ck_0d40961e47797027,0.003775786256111326
ck_0d4dfd93086e7330,0.0053357854556553095
ck_0d5c0736ec76385a,0.0015165669101192315
ck_0d641d32658d6e0f,0.002935333644493521
ck_0d65bc749eb42710,0.07213911650495615
ck_0d846660c7957a88,0.012703803706993023
ck_0dae4a7eb587f3ba,0.008130544045143604
ck_0daec63bd5b0729d,0.03865080661316035
ck_0db62d5f7f75f80f,0.07195162910970422
ck_0dbefdac0a1868fb,0.0030720076036349526
ck_0dc1e536231c4860,0.008560713431886961
ck_0dd417fcbf19e424,0.020395459689746074
ck_0dd7c5925d28755c,0.001970728209507029
ck_0dda35c0c64c7073,0.9822398406696602
ck_0deb56f3f6452818,0.0019451905148336216
ck_0e0919292ad33472,0.38996882404762234
ck_0e0bab173622db9b,0.023806772987160888
ck_0e13c4f73818149b,0.024508026125383713
ck_0e2bc3a5afa439d8,0.04165600154680901
ck_0e3f80c1553c591b,0.02025472550279816
ck_0e477084434da450,0.030058238334651766
ck_0e5385c70c6de025,0.004537887806003217
ck_0e6046fc30f81705,0.006068651816015671
ck_0e6bebf8ae9b9b03,0.03230307894403221
ck_0e6e05c3cc8c8242,0.009303517553755154
ck_0e70516fa07cfb17,0.7206369076712016
ck_0e719b3a6906b8f1,0.0012962722846793777
ck_0e7899a57cd617d6,0.0031559673250697077
ck_0e7bf10ef49aa818,0.053775507368336584
ck_0e808afe2570ecac,0.02603983982855889
ck_0e8f26536ccc8947,0.011095777291079939
ck_0e962eacf98a813e,0.024275014630509406
ck_0e9b982afc88a3a9,0.9492227051154877
ck_0e9ec486bff403c5,0.009373689192189014
ck_0ea30eff5f361cba,0.002940130760930339
ck_0ec820b670d48098,0.012009178209670322
ck_0ed2739384f1d644,0.0017572819833070186
ck_0ee6965e68efc177,0.033385091919625
ck_0eeb3d9b3e697edb,0.032704379974377175
ck_0f35e930d0614613,0.9496442405341071
ck_0f37c554a5057801,0.4559881266146625
ck_0f38d4aed68d7d24,0.004868174297816069
ck_0f3de7f074bb33af,0.002853861196099917
ck_0f4e2ec66d50da5f,0.006418875653698749
ck_0f6d916c92189516,0.017777593192199702
ck_0f743bd13373748e,0.044355865223053584
ck_0f8cb09d3f4fc980,0.08401147694208727
ck_0f909705e2e60f2f,0.0019832838435466845
ck_0fb3153d37626b75,0.005425229111625573
ck_0fbbc7a6af300368,0.0022951038966203194
ck_0fc1086e1c9e04b6,0.023783730256240043
ck_0fd826fad7ec7cd6,0.03966820698763062
ck_0fd9312411b0ac55,0.019381313401652382
ck_0ffdff7b2f5fdfe4,0.007321791356280285
ck_102db9615e722c9e,0.039178638866066436
ck_10495d3a635b8d69,0.08504422319492264
ck_1058129ed7b48c59,0.011380934018898569
ck_105b0c93573fd5b7,0.1595046346743614
ck_1071d14c46c92379,0.09680255268316541
ck_1078b1e155b5b640,0.0150558743167941
ck_109fc467ec0a4af5,0.2559893526639685
ck_10de0b0d86b17839,0.002288986086632441
ck_10f90d879209734f,0.025861224183426814
ck_110608c3b03d4038,0.23385146006362728
ck_11132d245b94d045,0.0015820343450176266
ck_11318f7c041a5ba9,0.004004682402222055
ck_114141d85256c9ff,0.0021380942977152406
ck_114722e12db90a73,0.0011345628137751419
ck_114c32aad4b6183f,0.03715161186316497
ck_115d86fabde77b65,0.0010575046371463239
ck_11662cc7940ffc82,0.05363682314778342
ck_11667f5b9fac7bc7,0.0010189233752632464
ck_117d78ccd5820f36,0.01687312232703139
ck_11960b5f1c7a5e2c,0.005970854023071994
ck_11af112667c98394,0.0060182080376060655
ck_11bf1039f8b3025b,0.005030316803012348
ck_11c7667920541587,0.004776026231584647
ck_11c7a58e09e6547b,0.039536874711839455
ck_11cb98211b2ed134,0.7597576338330237
ck_11f362dca2dfaf5a,0.005446306966361733
ck_11f85bc705dbe036,0.016230192571757104
ck_11f9390a11ce9ff5,0.026605726139242565
ck_120e995d50956bee,0.023795524731098673
ck_12107dacc6d05bd1,0.0013877427581912316
ck_121db7ba3be29ee8,0.01363855263703835
ck_1225a97fc413a419,0.017347040442519047
ck_123c15d93f1840f2,0.3928504576685358
ck_123d75ffb75b606d,0.0024375704718474734
ck_1242aa4496576a99,0.0018497497508350757
ck_124432fd5c92af7e,0.7998577521626854
ck_124565a11b2f8bb8,0.011690694259604558
ck_124a197be41687f5,0.024998920962598075
ck_125c5a720ecb177a,0.05036284524869117
ck_12631b78f8a03df2,0.0025297686191099933
ck_126531a9126c17c4,0.0021639472781939343
ck_126a82e8d42e5ce6,0.003651950467324554
ck_127273af97d7827d,0.004306399732371715
ck_1294f7af22fade11,0.05634497896281637
ck_129e39ddfde92eeb,0.001097465425623336
ck_129ffae92dc01408,0.0017070115674269267
ck_12a074db100481cf,0.048207198768080314
ck_12c46bc52bf45b36,0.03474803941860224
ck_12cbb211ebd2b437,0.019666370225792366
ck_12e2b5ebfe8986b2,0.015067046089818823
ck_130d3848b9dcdb05,0.008015173471679259
ck_1325000bc7f35b5e,0.002890690084058326
ck_132c16312f37810f,0.0007631525023655405
ck_13376c59b5bd6943,0.0010652038478214465
ck_133d8a1ac7c0e301,0.9362705243860605
ck_1355db6f4010232a,0.015871779220340696
ck_13648cbd306eee6d,0.006329255827288227
ck_13677a1957078827,0.002542098575135544
ck_13757bf0eeb353e2,0.006025141118337184
ck_1375ad9f10688e4a,0.003121159802890561
ck_1383b2b1875000f2,0.009514252214484565
ck_139b54e6ccbdd7da,0.2952068698845448
ck_13cd943777651aac,0.014671005791045669
ck_13d1b192bbff8f32,0.02616859929073182
ck_13f03ec785cbdae1,0.0007442502016174041
ck_13f2560c6a1ec62f,0.019298743479777117
ck_1402d24dd623df72,0.009667742704055916
ck_1411a80a157ff39c,0.010001066509620182
ck_1422a7bf7756294d,0.9864884660808583
ck_142c00f9f8557504,0.021726849529338208
ck_142dba210ed2f3b5,0.09132249187360829
ck_1436f6e11d4008f9,0.021753134938084503
ck_14436a409ebcc90f,0.0057049228919319244
ck_148c28df51bba5e9,0.8781192149670567
ck_148cb0c723284dc0,0.005186765866432925
ck_1496568ddc3b2d56,0.02279208439145437
ck_149662b09d632e41,0.018860881194821592
ck_14b4bf7be6ac2b61,0.09002944864553299
ck_14e58c3fb26a2b4d,0.018325033211414776
ck_14f0484b3817eda5,0.006792665403337117
ck_14f9535e53f9c7a6,0.010053451709180452
ck_1507f5aa50cdf3a0,0.014735880425399103
ck_150a1108f936e6b0,0.008747647938081787
ck_15220e78d1545e40,0.027640486826758112
ck_15239ef0689c1a35,0.03169687077059221
ck_15254db133b28371,0.010329394331812526
ck_152671fbf8a9a78e,0.11054583867783577
ck_152820d8817f478c,0.005140340198292526
ck_154c8efb19dee665,0.00743811970863076
ck_1573878386886290,0.0036281991801303
ck_1587763dd54688c9,0.0025249626698526715
ck_15886fe84866de92,0.006984676194943046
ck_15918075563eb074,0.0016958550123625097
ck_15b4840922195ffd,0.010124549224940969
ck_15b93103ccd38609,0.008328126757564846
ck_15ccbf8ff7d14086,0.02496070099836022
ck_15ce50f2704227be,0.019994647801403472
ck_15dd3ecaa8ce0245,0.48150251342840855
ck_15de11438732bb05,0.022109783877679486
ck_15e0b679931f7a8d,0.016005828319998316
ck_15eed0f5652f0352,0.08280457406366983
ck_15fe2a47fa7e92ea,0.004478070865944609
ck_16077934338472bf,0.0035526349805738142
ck_16077ac345472e6a,0.012296644434152277
ck_160e9ba0a3f7c1fd,0.0030178192283055794
ck_162513e73782929f,0.018773172227175818
ck_1631bab0ba1256db,0.0406667896172051
ck_16340be3f2a7fffd,0.0036275263457534908
ck_1645e6cc53fa99ff,0.028022659292384414
ck_16541fc15683e21c,0.0037537996097709264
ck_1658429acd5306ba,0.017189283459804396
ck_165a868bdef28ad3,0.06894359828651625
ck_166aa980cc87fa77,0.06672046607550954
ck_166bd1dcbaf4d6fa,0.007020070940138213
ck_16801e628e883d78,0.0030990135127395395
ck_168c96a1a636ea15,0.05224057652031702
ck_168e7ea341a36b80,0.0034993139810240623
ck_1694c28f44480e98,0.003143976691271511
ck_16a06d58d71935bc,0.23690964783676688
ck_16af4be191c47d3d,0.001191746029215825
ck_16b66bd803288bc3,0.47294557318714814
ck_16c501470d9bb006,0.001285555828037606
ck_16c7bf94ed3e7a6f,0.00045207914725916643
ck_16d2d27fadeeacf7,0.0037005311920263522
ck_16dbafc035574654,0.0033354099667683825
ck_16fc77b2bcf5ec03,0.8459916753895388
ck_170c65860e2a7e23,0.0017749100560066986
ck_170f4688e0acd875,0.050788249864777056
ck_1723900ab9afe374,0.056638882938927715
ck_173e1198c341087b,0.012892942579882018
ck_1745847cd4e5dc83,0.025919606874712085
ck_1747fcc466f0ae38,0.002428801904079775
ck_174be2231c5fd2b6,0.002120062498487362
ck_1757fcb0e6e3f88e,0.08523209820760674
ck_17673a1c2867888a,0.0006288570466828694
ck_17733f75ebdea93e,0.0026172067493450343
ck_1774faf414a5d49d,0.602252738402246
ck_179039559ff7566c,0.044355865223053584
ck_17946516d5df71d7,0.014523258400589248
ck_179ed66cdfc1ce27,0.003245281098150834
ck_17a95bba77217d85,0.044355865223053584
ck_17ab24fe914ae44b,0.0010445459996001238
ck_17ab3068fa303682,0.0014532269120557117
ck_17bf38d51115a8f3,0.0009623341451782863
ck_17c0a6a92b5765cf,0.012571118667755066
ck_17c4296276448afe,0.0037256670083215195
ck_17cc7b411f448e66,0.03476600206397248
ck_17d3022ca12eacd7,0.016700124986753336
ck_17de46314b5c6a92,0.0108444001553225
ck_1805fcfc4a9e4ffa,0.7574054132761258
ck_18116d0ac08f1996,0.9366469588570696
ck_181f3dae03b87136,0.010629145181894535
ck_18270fee7c8fcee8,0.0009098735952350983
ck_182dc4a2f5a366da,0.0018825161578620443
ck_1833c81d693c1e07,0.9576896483258533
ck_1838cf8d00f5b1e1,0.018562157399251735
ck_18444be153bac1ca,0.840553947255156
ck_184983177b73dea5,0.008692308056785945
ck_185f15b1523bbcf4,0.0014370433740862032
ck_186161ce152836f5,0.0039614766825215334
ck_1867b1199c864db5,0.030747374347952015
ck_186dbff4b24a3bbf,0.6510856408021168
ck_187317383400491d,0.0027142692641585584
ck_188fdf2be7c92e9d,0.9960281248060681
ck_189b6fbe9b9192e7,0.009024008749441158
ck_18a55b06ccccd88b,0.029284697811520214
ck_18b36d342b530af4,0.020380936256341332
ck_18bc51bbf3ef198e,0.022132560164136318
ck_18c179b4afc4fccc,0.007100746878172633
ck_18c3a095606209e8,0.021032068956935015
ck_18d214b1418be39d,0.002249635105112608
ck_18ddf7e836256e3b,0.021420047855385604
ck_18df83242ff3cdbb,0.0306063500886711
ck_18e2076397bcc211,0.03952660710262593
ck_18eb1f9181f95df4,0.0037033498079578073
ck_18f67c00ba21fbde,0.003662197704417706
ck_1906f0dfaf6e9bad,0.4287633118190563
ck_190bc849e5ff5401,0.043957905677079634
ck_191673540d8486af,0.07994869057458664
ck_1917ef3e6e345549,0.1326117163712847
ck_192579ecdca7ff83,0.027297608683159762
ck_192bbfd0d5720134,0.005693481435721137
ck_192fdad892782daf,0.19733120727721123
ck_193d9c87ad3f1dad,0.001600642385447651
ck_19468fe07e26f992,0.7802231294411537
ck_1964ee9db929a173,0.7268516193835649
ck_19660cec756632ca,0.008499023315548974
ck_197f8058cea1fbea,0.0012207160176433
ck_1982d571cd36eb0c,0.01242213689512176
ck_19988702ccd79201,0.014500589247650424
ck_19becd44f2c3d2b5,0.1111430906694534
ck_19db0bf788697c2b,0.022660017904518336
ck_1a065ea906ae3d6a,0.001928464248620675
ck_1a0aac7f7b94b1be,0.04677074257968743
ck_1a28b6a40a6bd3b4,0.052006532881949404
ck_1a319e509f1efa1a,0.0029280193927729223
ck_1a3fd2cc4b4de196,0.004117811762649524
ck_1a3ff7620580a514,0.011328847999327927
ck_1a415416f620d49d,0.004451634821713344
ck_1a46b56f4734d52e,0.0028700142931631966
ck_1a4bb7d3d2ee3227,0.010865871539944028
ck_1a4e5ace078dd782,0.02563667101231342
ck_1a524b5cc8da71b3,0.026798658689024892
ck_1a6b30320835e57e,0.008886443021687042
ck_1a6ddfeef82b1b1a,0.01623772490503773
ck_1a71f8081ae00190,0.8747044000796507
ck_1a9235812de4b2c1,0.012753850562056473
ck_1a9d6190c57ea7e2,0.5238736357023526
ck_1a9e51d092d62c84,0.31237845039877987
ck_1aa87cb62acc0ac6,0.0140430091406647
ck_1abb93f6924645e1,0.021410912429288925
ck_1ad36046aaeb816c,0.007588246964735877
ck_1ae460f331e49ae2,0.025115000544081747
ck_1af2c0b3b8d202c1,0.012289166684711441
ck_1af547077ba2dd03,0.1286645626247946
ck_1b0434f096795328,0.0009584588484267825
ck_1b0b7c3d35ab1259,0.08035695881199975
ck_1b1df006b81d38ba,0.026852948676860132
ck_1b1efbd9c0964c8d,0.008972277354009515
ck_1b2ce474fa6582b4,0.04359863004990446
ck_1b2d9cae92a1aab1,0.09148125710558482
ck_1b34c420a4c85a95,0.014221758566066731
ck_1b52590757c0fbeb,0.013546082992025662
ck_1b5b75762f033462,0.017091404837444875
ck_1b708e2a4a0584dd,0.03908727647639678
ck_1b74b798eebeabdc,0.01957337952700942
ck_1b823610371a29c0,0.01152613384839822
ck_1b93381d8eea58d1,0.005045896247028165
ck_1b96d9af0d7da2d5,0.00523937689441212
ck_1ba28fb7ef726ce2,0.051182513338678105
ck_1bb212d1288b9689,0.036681531019071074
ck_1bcff399166d7c43,0.010554509603430759
ck_1bd753a4681946c8,0.9303304052398912
ck_1be8cb95d6d9bbf8,0.0283160442959121
ck_1bfa8abdb22be8f0,0.0026653252336153494
ck_1c17c65804f8889e,0.004108380290772663
ck_1c2dcae19539e148,0.06625488345245402
ck_1c607e24f2c4397a,0.01513958374545477
ck_1c65e8d5be3b9c60,0.44374822903086597
ck_1c6820fc38135ad9,0.03363148859048163
ck_1c771a7c78f6622c,0.041158564785158155
ck_1c8b94efe9238f5b,0.00793522918237478
ck_1c8c969667cbaab2,0.43677314846354853
ck_1c93cc58f314bf71,0.037594202583994624
ck_1cb6dc67f9a321b5,0.018034312121158604
ck_1ccdc69d0bb712b4,0.06990649146244454
ck_1ce20e4223a936b1,0.010595297458240581
ck_1cec1ed1512a2d3d,0.001423932736878802
ck_1cef30d08f3a598d,0.001997520774965964
ck_1d01b4a609918c4e,0.9815153840218559
ck_1d2b80ab6c4944b9,0.005235442353010652
ck_1d30eef7110809e5,0.3291326673766282
ck_1d3e561a7d20be0a,0.9876946993837653
ck_1d40e4fc541abe93,0.07288667679797488
ck_1d58f6caaa4d012c,0.02526262218066972
ck_1d5d74169cf892ef,0.018440390795528724
ck_1d6990d94a4d2ad6,0.016906436498050095
ck_1d7cd5dcbcdafd7b,0.6334097602528467
ck_1d96d7fd65f208b2,0.01771306983748944
ck_1da2f69023ca4c13,0.0030822443494805197
ck_1da9d40837ebaa57,0.060693172652010643
ck_1dade5592f90a15c,0.03164515988681816
ck_1dbf1f15193197db,0.10825739552785552
ck_1dc23dc870f1773d,0.025861224183426814
ck_1dcaa3078dbb7571,0.0017899465696501896
ck_1dd69a11daa7bf1a,0.02748717370788816
ck_1de43fd6c6c22a5f,0.11405332329614003
ck_1dedcb48ac381a1c,0.2094447157598479
ck_1df4a1781a0f6999,0.049693708040807305
ck_1df4b46c0a4c317d,0.0262506879118425
ck_1df66f537496ca59,0.04228457076557555
ck_1dfa91405d7e66bc,0.002268782429787242
ck_1e0841ed17fe0562,0.0168746943009219
ck_1e51199a075ca0fa,0.007391721738628296
ck_1e6628879e9d653c,0.008713616273372662
ck_1e7de58822000dea,0.0015959610356803405
ck_1e832a5b2342554f,0.061026827221507006
ck_1e97899875bb427b,0.0030493574087892324
ck_1eabc15a94bd9009,0.015720155256326047
ck_1ebd574406235957,0.006317018368846666
ck_1ecd5516c92caa4f,0.000677359170824035
ck_1eeacc26f02fbba4,0.051438348700897044
ck_1eeeee651e05d535,0.08575321048616132
ck_1f0bafec397da8e4,0.02976228225582763
ck_1f1273a67cbad5e5,0.8672876313101582
ck_1f136a4476b5e775,0.02883524504951476
ck_1f22f04dfc08cf27,0.005693654929294295
ck_1f2760764afa45e8,0.0074287766314667
ck_1f517e0ebf397b51,0.005832192109406276
ck_1f56fe99f250cdf4,0.026883271007756865
ck_1f7ee7b23fc6f2f4,0.0012380791284944109
ck_1f871df76c6a995b,0.09552092445671216
ck_1fc03ba33edd9e67,0.07026871777610824
ck_1fc98436281ee39e,0.0010767107514252142
ck_1fca72e03143a645,0.818990476396461
ck_1fcc5843f39148a9,0.0027146386477203206
ck_1ffbce3a239bb264,0.0031410485766017672
ck_20124c3a16c53ce4,0.03579750544869841
ck_201687857ec8b3cc,0.019170567572970965
ck_202f0c14b07ace01,0.04383444890971827
ck_203c2a22c0c165ac,0.02871261995022585
ck_20541686a94fb71c,0.028714294694402162
ck_20578ac693ea4e93,0.022321550486367237
ck_205c107cec528414,0.31184360221743335
ck_205c3405045bd835,0.010331011182699218
ck_206f8e3cd72768f3,0.02983417060753856
ck_2085433978e72ea9,0.18524679397171595
ck_2096d32f3d497ea1,0.07943378351260354
ck_209f574c8d92274e,0.04445525701293594
ck_20a17e8f206a14c8,0.055848167648955525
ck_20a7d1ce6cc27312,0.011356860735627505
ck_20c99b645f462449,0.005138969415290306
ck_20cd2f5666719baa,0.0017413140806199756
ck_20d7571ba830009d,0.003134433570827985
ck_20de8abfd8960ee3,0.03256959781745878
ck_20fad010969f1abf,0.0011533096076739291
ck_2103399bdb2898a6,0.017941973187631043
ck_2106e509d77fdb4a,0.13792033290816658
ck_2122e9bb1afffef7,0.012747228081519324
ck_2122f201e65f76ee,0.01771928213989916
ck_212380e0371d8a6d,0.005115910059662491
ck_212525e2828a6c45,0.00549741137733799
ck_2139062d4569aa07,0.002887000258922829
ck_214af0806470ef48,0.017290129105360232
ck_216e87a41de22b5d,0.08876017982467106
ck_21860dd2159dff28,0.0016298357516767595
ck_218b7e6e6dbd2da0,0.0016094815465116869
ck_219bef979ee21bdf,0.0017798381877226941
ck_21c99e1d6b881894,0.002087453330309057
ck_21cac21fc10b7768,0.007193386089025192
ck_21e3b3bd998745e5,0.09351671797727966
ck_21ed2ea6386c5a07,0.0027062128385518048
ck_21fe7bc59dcd78fb,0.005034168887109245
ck_2208392a9f6bd249,0.016603074678154972
ck_2209de229b4c71c5,0.026510037323758787
ck_220fda3c11c59b6c,0.050017463352454515
ck_2210f7a0d13bdbef,0.028505089150024403
ck_22128a4f0d033422,0.005328606711268485
ck_221b5d40358230f4,0.03003001745618286
ck_2225b555aa2a42ed,0.02215003532142804
ck_22311b037456a76e,0.009269755555991795
ck_227602ad072b838b,0.003069776627467098
ck_228a583f23abff48,0.027354660901262748
ck_2296d7a563424883,0.015438568292577434
ck_22a7cf3b99c5e5fd,0.025414867773376888
ck_22b52654776a1ea8,0.8169263643405511
ck_22b587c18363899a,0.029018318359388746
ck_22bd0fc71f95e048,0.09508694333660837
ck_22bfb9246646eb41,0.7586684111518068
ck_22c862a496008c96,0.99575342235744
ck_231ae0329ebc3220,0.005659307847914065
ck_231e6dd1fe708000,0.0071191849523055415
ck_232325ef6bce92f1,0.016729297741075743
ck_2329cc9702cdf7a0,0.022790678871133348
ck_233397a8bd40d38d,0.009705109348410295
ck_233a487d31c3e631,0.9862413679491955
ck_235ce9603c7dccbf,0.020038682666146657
ck_2366b29ed9887a5e,0.003617329423905495
ck_2369689bd795ee10,0.013019909686242686
ck_237508ca4fb37268,0.022101149637537704
ck_23756522b58df5d8,0.0018268090379268396
ck_238e53b6dee8c301,0.001289448936195894
ck_23981a3261674131,0.009626075718891737
ck_23a016cf6b98d89c,0.044355865223053584
ck_23aab322810b9fec,0.01695607365616548
ck_23caafc2cd34242c,0.015438298427927473
ck_23edb6d938a3b87b,0.004169074950096018
ck_23ff85f9d2355e8d,0.014836172395051386
ck_2401e8ff89e574fd,0.8074456439003157
ck_2408db62e4395ccd,0.004726649277025665
ck_240f7f894c5a86e7,0.002875922145252319
ck_242521e261148fba,0.01380756430021377
ck_243b1b9fdd3f9a74,0.001972722366651866
ck_243bd5ca8c4ae5d0,0.0077960425061305155
ck_243c18dbf150831c,0.001743817348765505
ck_244b897bb4d57c1f,0.014644470547223233
ck_2452a30397dfc54c,0.011468305624668718
ck_2455d43bbdd2bb69,0.015466127394412835
ck_245f5d62ead5ef28,0.005935684397225414
ck_2468a7e9e68a0927,0.01325642119546508
ck_246989b0c288664f,0.014562327372305922
ck_247589ff532f7aa8,0.005818634131317564
ck_248b3659a9239240,0.020845805165753246
ck_2493ee8e7b91d304,0.02312797811278641
ck_24b0803447211bf3,0.028576609088283113
ck_24b53090faf722cf,0.014240338071113294
ck_24cd0d779e866287,0.0015003833502046015
ck_24dae044dc05f849,0.018897322489806738
ck_24ff97ad90bdd69a,0.04900640055497406
ck_25122cc0e8b1a662,0.17191492888839108
ck_252b0a0f1119b220,0.001502792519483571
ck_25382331551d22a5,0.019527966958318852
ck_25394c1b83e0b803,0.006435035187187851
ck_254a7c97c36dab8d,0.010299200181356091
ck_255d87b7fb40caa5,0.023509661844183308
ck_255f0e5888ae9e23,0.02860869599051011
ck_25822068c86c856f,0.001463820231406012
ck_258d661e450ac870,0.022186056618884786
ck_259271c70f3fbcbe,0.05051985711701121
ck_2595669e421299f6,0.1413606706754875
ck_259eb102342057ea,0.05029991436070798
ck_25a1ea40b2d59254,0.0031151368046893036
ck_25bfca1d8eaa152d,0.01090538073045635
ck_25c355da356c730d,0.05534540646229554
ck_25dd0b02af5b2f37,0.07260882867461572
ck_25e551a0a8d2fcc2,0.12202714943305847
ck_25fc3010e8a0f6d7,0.005948397718366573
ck_25fea39897f2a559,0.008866694861371477
ck_2605fd571219e28d,0.001483298652957289
ck_260cfe9141d249f1,0.05949565397527064
ck_260ef2f3e6434819,0.07600195986332292
ck_263334d722ecbc97,0.16847626750285252
ck_263f6c5ff26b5e98,0.0015006528192478654
ck_2659d1d3762a2825,0.010174566393286254
ck_265accb3c5c32620,0.10747260018072419
ck_266ce7ccf41ccc50,0.02216708944925729
ck_2675e7a008e584a7,0.07439589169665814
ck_2685f38930866af0,0.01359631554349764
ck_26896c494b2768ef,0.024860730576508394
ck_269f1746f2609ed4,0.005063992524778164
ck_26bd0f8898afc8ba,0.0015331291223043605
ck_26cfd7c3c6c7bf69,0.020343758535334162
ck_26de14b96bdad4f6,0.013997907098814237
ck_26df74feac7ec51d,0.007310086770199462
ck_26e9a7bb2061a58e,0.03597538617986941
ck_272ae2179bbd8e58,0.02125505581057781
ck_2733fc6ba23ae46e,0.022330370287280257
ck_2737a72de6b700f3,0.04498881345314592
ck_27466468d06db4eb,0.15553272627001996
ck_275386782b1606f8,0.0053009449185759325
ck_2770b0400a7bef08,0.14364662900695177
ck_277621473369614f,0.9950658484908387
ck_2786cbc3e75ec034,0.5906446873896679
ck_278b36c5932d9bff,0.011587552644034412
ck_2795921a055643f6,0.002607590504482982
ck_279a1d3a3836e5cc,0.009120938367473
ck_279d43303708109b,0.009685854425239318
ck_27acc9f320cda104,0.3969993098367071
ck_27b07021500ee841,0.027262563600793467
ck_27cdf9c5e6f0915b,0.02093011263089016
ck_27d69ff4e0cb428c,0.115043516764469
ck_27e4de495abb4d15,0.002914380711578445
ck_27eb86a9898cdfe3,0.010071584733530885
ck_27f20337bef5ffe0,0.0328289594452216
ck_27fa694569140345,0.0018902385331628028
ck_27fd85b1e38b675a,0.0027674088939788335
ck_2825e34dd3e7ea2a,0.0051556595172296904
ck_283c5bea94b21e80,0.010280309368098806
ck_285719c77eadf915,0.0019287303837936098
ck_2857a4ce9f72fbfa,0.0034798584451741677
ck_28588fb03b320520,0.03368373749139009
ck_286bfd719836e9f3,0.09739095311898917
ck_2884bab237af16b7,0.07190642708428906
ck_28ac4c5134cb8e77,0.023187735740070985
ck_28c53b214b2ee882,0.22372427822997107
ck_28cb9b03e89263f1,0.0006889337515823537
ck_28d2003c2d16e4b6,0.001063602849395439
ck_28dc0de0ae291f37,0.021444986685242882
ck_28dc0fdbaec00580,0.11490129513341077
ck_28dde633692904b0,0.08782896312108539
ck_28f530aec8e77130,0.017710011428456525
ck_29076a13f539187a,0.11573959582478777
ck_291bffc7809f896a,0.002282868134881545
ck_292f81186358b0fa,0.005859605001834957
ck_293581d879f6663b,0.8804285525445227
ck_2951d76c41de2569,0.06680344543705485
ck_295565fbf77ef885,0.001915495768379824
ck_295bca29c34cfe2e,0.07797244413929301
ck_295c0072eca7f7a2,0.009788580625232845
ck_29640fc2fe81c251,0.007963322574877892
ck_2973b8274f0bf69b,0.024551512843955688
ck_2981d16f8a51a8ed,0.06806932473990539
ck_298278a9da874437,0.003443757712562754
ck_2987eab34ca7805d,0.053561042784489914
ck_298922703c5bbe05,0.02003125056610254
ck_29c11bd68858e923,0.0018238825038900412
ck_29da59ea3bffb9d8,0.18217286814467393
ck_29ea329fa40ace62,0.017662465714022173
ck_29f3a1737a2d9634,0.044355865223053584
ck_29fbabf855cabdff,0.0019639827973348444
ck_2a01e610348b84f8,0.03670814251974496
ck_2a07c7021b71cf65,0.03707735416404062
ck_2a09c7aa870edb6b,0.002839228855254825
ck_2a09d142de1c77ff,0.005397168071503025
ck_2a244f1ae08ef83c,0.1816288257967321
ck_2a2c336a69b8d68d,0.009736634201164537
ck_2a37fef48b44e9c8,0.03583511330657836
ck_2a46b7ca55239413,0.01229414723738669
ck_2a59f23fc5194699,0.045706094092060334
ck_2a5a4c18c2c7274b,0.02326703735449855
ck_2a5b31594206eb30,0.9610813421705113
ck_2a65f1cc23f1180e,0.006231722585822267
ck_2a6d43b9f883b78e,0.3000853394516487
ck_2a7eba01ceba6c2c,0.04551697068823992
ck_2a97db9377d01e36,0.0106876278643359
ck_2ab28149b0986642,0.026875449856374113
ck_2ab7eddee2d8c49e,0.006799909706919357
ck_2ac36e1dff211d38,0.0395057670230914
ck_2acb54ca20c3af6c,0.04406874501541419
ck_2ad0ecbacd5acf8e,0.9393945981631469
ck_2ae44938847f3852,0.003840144049505682
ck_2ae6949246ea2648,0.012215978544821161
ck_2afdd69094c955c5,0.11351920211989742
ck_2b359a979520276e,0.057014152192713094
ck_2b699066665abe8a,0.015779760386254487
ck_2b7cadbc8b180d32,0.8512328558020035
ck_2b87683c90acb852,0.01722937080062634
ck_2b8f33e22f939372,0.8304560109097123
ck_2b90b76cf4d162f9,0.011468305624668718
ck_2baf214ad6bc0dbf,0.047466638571689264
ck_2bb1389e5e72c8f4,0.017819626985358963
ck_2bb49dc2388cdc1e,0.0055700099516596225
ck_2bb6a17e8eee35cc,0.024674622713394562
ck_2bb7c17168a9d17d,0.007301792539638737
ck_2bd73d9098504760,0.07501492551866062
ck_2bd96ddb8c323d63,0.9769447693864158
ck_2bdd8616870e5e1c,0.0009433669972789678
ck_2bf10be403849c9a,0.013977721925271339
ck_2c041b1efb1c5063,0.00994295168790981
ck_2c1def5c91c52a5b,0.041858116190051864
ck_2c27b77c59d8f23b,0.10891874788807045
ck_2c2f080ba185016e,0.030653313014223398
ck_2c44ca550e5cfa82,0.011562140080107365
ck_2c4be237a7ed79c7,0.002472149155714783
ck_2c4d25acbe3fabd9,0.1527759879102183
ck_2c5bc11bb7ae5d2c,0.9252655821423826
ck_2c629c657f73941f,0.01889544654036501
ck_2c6b174b063ec637,0.011468305624668718
ck_2c7667f64edec2b5,0.010764502120758534
ck_2c80a592fb4cd6a3,0.0008779035962065721
ck_2c91f62c05685ed7,0.004027454724355012
ck_2ca0020038bfec58,0.243239339061723
ck_2ca83dbd728af019,0.0009537520313218889
ck_2ca91214c357c072,0.10646034957580774
ck_2caf553b31831a50,0.008010607485409426
ck_2cb3c99845e572da,0.0056884190549897845
ck_2cb763a881aee27f,0.008656226727806254
ck_2cbc2f93a32eede8,0.038202510569168416
ck_2cc1d9b587f6da31,0.14311088921101142
ck_2cd21137a07fdd7d,0.003537126140054562
ck_2cdad03ed069438c,0.024191623269702648
ck_2cdf5fd97ba75e06,0.08919287142520357
ck_2ce5afbc014763b8,0.03229756210583186
ck_2ce8931af02a2ce3,0.010662756368131021
ck_2cee2dd7bbfc09a0,0.736024454642637
ck_2cf8a44e041217de,0.0033704300492825943
ck_2cfb9a7775e8a5bc,0.9755856308534423
ck_2d14bcd2e0fc043d,0.0030499514781731074
ck_2d1548f1ee405cc9,0.004182179052250157
ck_2d177b2f4f0b40c9,0.18502857759020092
ck_2d28f14d3973d8fb,0.0005285979916084188
ck_2d3d6c9364362017,0.001730485059797991
ck_2d3d7d64a6f443f8,0.018995615717822302
ck_2d46291975f0dd08,0.001399475108780264
ck_2d5a6b6636a2596b,0.004306635747607399
ck_2d634e3f24681c0f,0.03951128751275414
ck_2d695f8358383092,0.007979575344602287
ck_2d7394afd61643d0,0.003685655456611967
ck_2d923d957ffd4d53,0.005962310308422018
ck_2d9524787cfe1ab3,0.23633775484711794
ck_2d963f9b2c4d11e1,0.04226562196345682
ck_2db10f987d137582,0.02780069578008815
ck_2db3fb565e0211ee,0.0011377145178817524
ck_2dc31db181150e20,0.003366622909466402
ck_2dcbb71e39d64305,0.023428728885962737
ck_2dd147ce6d61749f,0.025953377856156604
ck_2dd39723c4088b64,0.04910910494247422
ck_2ddfc948b8eac752,0.1724448718290399
ck_2df4854186ec515b,0.023369509750445973
ck_2df5a9fc87553eb1,0.014194862844785917
ck_2e0eedaaf2980c2c,0.0025281332473805003
ck_2e1b46c5fc56b863,0.08685129519829367
ck_2e315f1b1e533dab,0.003476461536449664
ck_2e481d75d110c06d,0.1298664139122086
ck_2e679af24adedac8,0.0032248539007335253
ck_2e824b0b27494a17,0.010779361156274245
ck_2ee84f3fa27f2cb8,0.010681480678790852
ck_2ef76f1f36e8b869,0.06818209368408204
ck_2f138fce1171e277,0.030226461977297413
ck_2f241b97c0f8389e,0.01953303414378295
ck_2f4f94827984c426,0.0013466974912323992
ck_2f6a639468f41043,0.011845437126126455
ck_2f6b33bf46976229,0.0018413198785212327
ck_2f6e64f638da0f97,0.008724460205249977
ck_2f8120ca80a1592c,0.006589011787313151
ck_2f82ea66c4f53b33,0.06499245582556247
ck_2f9fa0d61829f815,0.006535543685590108
ck_2f9fd36a4a40a6a8,0.0021653122115215828
ck_2fa8f2577116e9ca,0.04290977666202195
ck_2faf7ecccc9fec58,0.0015332920472644132
ck_2fc70b6baf6a0e26,0.003421561557431627
ck_2fe6cac002142f67,0.039924115540876055
ck_2ff1860da2004c84,0.002117004965905308
ck_3019afee83342701,0.045768020851448744
ck_303b33910d67f306,0.0018605840327223313
ck_3049d744b527f4d0,0.008779152326405294
ck_30753ffe481a1b8c,0.7429085363425306
ck_309a432c160a17b3,0.012533943488011312
ck_30bf5b0056eea9e9,0.2956713692664188
ck_30dac0a58c5590cb,0.07692641617303202
ck_30f4b2ee8abe1342,0.42359197705310814
ck_310f73940fc4cf4f,0.01393057452459709
ck_31109c899336348d,0.001794489327112382
ck_31199510b40602a1,0.005207790577775262
ck_311d395fa9b8550a,0.0038519394302486435
ck_3132857aec8485bc,0.0008370363540665208
ck_3135c019696ee6af,0.9436868791750798
ck_3152c7115257f084,0.011094292089299244
ck_315fb710a0e371e7,0.002372527472321591
ck_31631e2028d4f855,0.014490292051268751
ck_3168f4f2778d64e1,0.005058955279592348
ck_317360ec0a67d27e,0.04938855939209496
ck_31742076e9a998f8,0.006665022486591182
ck_3174419a81e7caf2,0.0027840515422259357
ck_3199b471575aeb3a,0.006155579539163721
ck_319b059bb2145586,0.03409513083691793
ck_31b16b8848584e98,0.007091448289888217
ck_31c54d540b128843,0.003065453581809853
ck_31d4c0518e5f52c6,0.004312923624417811
ck_31d5e3daced93d3c,0.049427539589413656
ck_31e1ede23247d56b,0.11527886193089426
ck_31e70f2f04b48b88,0.00460002729419897
ck_31e7742f160980ef,0.010529842014701972
ck_31fc51d5a3dfe16a,0.0515598275282283
ck_3209c530c9812e39,0.006623098505835948
ck_320df984791a1b99,0.0011111783770265784
ck_321e740066fb05c3,0.31689287477657
ck_3222ea25aa29bfa6,0.002889298146902131
ck_32246c62640648d9,0.0012981671125406053
ck_322ffda3332d08a2,0.011565614343553908
ck_323a71f9452d21cb,0.8418048449781727
ck_323b9cc5c49f8ea0,0.1740727106822309
ck_32430e678c4f9f53,0.004801894502556697
ck_324b9939d9c1c31e,0.0007918645807967118
ck_325c7643cce02da3,0.03231248164050786
ck_325caeab5c7a9c3a,0.006938295113499012
ck_3265442528d51728,0.009005187290857803
ck_3267fe3aac05c71e,0.002765741541215819
ck_3272c2c4a37d5220,0.18303074757886006
ck_328696b8f5e54ec6,0.07973798709611392
ck_329a73dbd585ee09,0.0014952579170955471
ck_329f7de7279e74c5,0.011321109295003821
ck_32a495128395fde5,0.0026814087806831467
ck_32bb42f9bff197f8,0.027810632445606335
ck_32e486859130458f,0.7781739023663472
ck_32eba3510c8eac5e,0.013355898889761832
ck_32f590e87bc3d715,0.000999758637718508
ck_32f632706608859e,0.006666564580614656
ck_3303fd3f64632c7c,0.16544597532708066
ck_33160c443d4b3f19,0.01790807570945987
ck_3327a0582407068b,0.026161393568927375
ck_332ad134fb909869,0.003929334060854055
ck_333544d173524f70,0.03619834110989247
ck_333a43ec339a04cb,0.033460608310018326
ck_335e63101b1e6c4c,0.15784346756361198
ck_3364a1d9261b3638,0.029234177753442975
ck_3365a0ad1a8aa83c,0.005028406354457991
ck_337b24a474010abb,0.9883310896592942
ck_337b930fd149a696,0.016962640496987955
ck_337c5684510cf432,0.09945108550006208
ck_337e98c69f6e7886,0.003760586410841462
ck_3380d60067b4634b,0.006055088500820665
ck_3397c7856b4669a5,0.0013247582986745637
ck_3398551e81dbf3db,0.5600549589934783
ck_33ad8d53394ba77a,0.3994297505025814
ck_33ecaa7b892e73df,0.006096642654452172
ck_33ecff7914349ebc,0.004874047364468488
ck_3420f2fd520890f3,0.002572129843004546
ck_3428910b44b9d08f,0.024540814898399908
ck_342a79f91de5d1fa,0.044355865223053584
ck_343e6ed2b9d35c01,0.003241761063087891
ck_344a95cb7115ec67,0.00559024048705512
ck_344b2e326a6c3dcc,0.001840253981659436
ck_347386629d96c664,0.019723330088052573
ck_348a525791ae6475,0.0916679326730138
ck_348c874eaf0354f4,0.20899480930634384
ck_349cc5edda1b8853,0.1024081931995445
ck_34a33ffe8339f66d,0.8657642545144514
ck_34a69b3b4a681796,0.1782010363608238
ck_34a6bd3be642f15c,0.01917677510940711
ck_34b0988a97d96902,0.01605189602092413
ck_34bd190d37eda534,0.026837069636964445
ck_34d6d74bb3ed11e5,0.0027983738752315425
ck_34dfb57e5bf31d2f,0.004647615448356694
ck_34ed59bc2c9b0186,0.01088379993007743
ck_34f9951b0eca1965,0.02347738126429217
ck_350bf14e90b503f5,0.023790468872486877
ck_3521243bdac61178,0.02897865724745456
ck_352657008983fd4b,0.5474217162647738
ck_3534be0f4efd313c,0.015054749489831995
ck_353a272478f7e903,0.0020860536615124855
ck_354379de065a8ff8,0.01109417874110533
ck_354909fecf5da8cf,0.016617302067962497
ck_355c4f29089731e8,0.8195722683322959
ck_35694db37f0cde7a,0.0014318839004253277
ck_35b1939c48182a9a,0.012571118667755066
ck_35bee1fc12664644,0.1025930955014644
ck_35c93b2924900376,0.008256708023939817
ck_35d6c510ad29362e,0.16461052938614198
ck_35e411b05d22f663,0.039336012777462806
ck_35f8656bf93e3b3d,0.013813818131848012
ck_35fe969c58b9e70b,0.03987583045391868
ck_360237c1bd30f4bd,0.006866647051447822
ck_361f535599110201,0.0027372306030808914
ck_36224a2d394ebfe4,0.19912186454318787
ck_36287d063350ce9d,0.0345343112207157
ck_362ce13eec1e33a0,0.003798025571017491
ck_363751deae40edfb,0.05341019804290864
ck_3638bc3388dbc1bc,0.19127534130836077
ck_3646515079e6be55,0.01313365094703102
ck_364cde38958b7af3,0.17021316396779176
ck_364f8203a3e98d36,0.817489901448472
ck_366616a725afc6bd,0.024566587333268844
ck_36789ca11459131e,0.048194951449623685
ck_3689fa41748a6f6b,0.07773445152420909
ck_368b65fca69fc415,0.0634393562917376
ck_368b968b5f33431e,0.0030443855442815553
ck_36979996f33498f7,0.5863314871269137
ck_36d2be9012f7909e,0.017788355846907092
ck_36d37be780c1291c,0.015113980277222746
ck_36d78ff3bc033ee5,0.03932373343760235
ck_36e72ef9273e7a95,0.015984274546902107
ck_37139b41c5370523,0.044355865223053584
ck_37143d9cc296e6fa,0.003956686202970323
ck_3715bfa7fed2c675,0.002287324012236689
ck_3716c6181a5035bc,0.10019823422753217
ck_37176850ed68831e,0.008103052673757539
ck_371bd9388b287677,0.0011240351120510906
ck_374865697f1480eb,0.011952050698915969
ck_3753cc5b9d02e2fd,0.003949971430097726
ck_3759939a0205306d,0.03410230563328942
ck_37899b1b571b1c6b,0.030880029362651894
ck_378a9df82b1e0bee,0.43127881080151126
ck_37ad3a65db673e70,0.0017790687313370768
ck_37d3e5c681a2214d,0.23379978801242182
ck_37d47cf0f34574a2,0.002246677342958558
ck_37dab6a0a536ed49,0.11538058024881163
ck_382ebf136f7fa337,0.19947366229871838
ck_3830c58d841e9e69,0.7312940572901117
ck_3837ad850996ba60,0.02653040667186647
ck_384ccecd342a24ad,0.002638690671697066
ck_385188ab27784fe3,0.05420076693483523
ck_3854c08d17704347,0.029634918447594406
ck_3865b7525b910893,0.02538843862095001
ck_386680372fb54857,0.003940421995042624
ck_38703b7546d35a80,0.02559744665127429
ck_38730aace405f2ae,0.9940211841993805
ck_387e5a7f163c7837,0.003969504264159436
ck_3882423b449f6291,0.8785327541530081
ck_389607982eb6b701,0.48603460336250115
ck_38abb60995114f8f,0.013930140449455482
ck_38ba4a6b6a292054,0.010033840912167804
ck_38ba64efa7c38250,0.023778521126537343
ck_38c1c75cf055031b,0.03857374735267414
ck_38d1a22850178f33,0.0016873076028371726
ck_38d4ed52cbe6d123,0.048061049331210734
ck_38da3bf629458682,0.004111690530470833
ck_38e46bc861e0165b,0.04690917237841774
ck_38e4a74ab256e2eb,0.00425308882279914
ck_38ea56d43afa5660,0.020882264809636536
ck_38ee42f15a573e81,0.012554186232474252
ck_391639c0f13932f3,0.0023201950097351313
ck_3925f8565abb7fe4,0.0027763761698026577
ck_392cf2cdd515c34d,0.016783290281723904
ck_393287947b5c8d79,0.016703188325360108
ck_3938e92585df2b34,0.05368682937691228
ck_3954b7b0fd1d6614,0.0073363091190182484
ck_395f3bd4aacd7ca6,0.01700359788713619
ck_39638880292782a7,0.009036792135097081
ck_396cea6f95186ad2,0.027165424348397204
ck_396e9ea9a6c6d7d9,0.007236308020313999
ck_397c03aa33a57310,0.17773622726238952
ck_397d5fcc9972f909,0.044355865223053584
ck_398a1ed77b0130e5,0.012229741684008831
ck_398f3f4cf05c721b,0.0015840370651367805
ck_399b0d510be98bd2,0.013354711204638861
ck_399e45e5fe9beaee,0.004284211257465851
ck_39a3f1da060e88bf,0.010669401511426214
ck_39a68c55a1bd3ace,0.26232989825583747
ck_39a81899dded61e4,0.005207499775886654
ck_39d5f6c17c745ab1,0.003539102782952849
ck_3a0e0200cbb185cb,0.004847968700927858
ck_3a30132a57181fe3,0.08425911993457197
ck_3a34c3ac83cf84b3,0.013675975299972195
ck_3a3daa8b376f2a18,0.0015656958845082748
ck_3a469039a5b9d963,0.008410143767334408
ck_3a47e3f54475e854,0.0037033498079578073
ck_3a4811dc4a1a891d,0.0031733081404557656
ck_3a57a13ce032a6fe,0.0033116808738299247
ck_3a632cdf2c19051b,0.003564085802140523
ck_3a70b4ee59084715,0.006456345573370451
ck_3a8ce1cc724229b8,0.003250338388490111
ck_3aabf5e0f4defb41,0.033888215052714575
ck_3abfc010091d679d,0.025240716429991136
ck_3ac528caac74f563,0.01794898107024647
ck_3acccc69f8b1fd14,0.10409130608605627
ck_3acdb083e0d8ad61,0.0012202316592666632
ck_3acfec10eec32f9c,0.010667726033580054
ck_3ad3fd3cceb56b66,0.9039235190959912
ck_3ad6e7bf452c9b21,0.02682592362220472
ck_3add4d23124c9290,0.007153609284635349
ck_3ade9eac7d7b0dbf,0.09840193449837141
ck_3af1eb88728ed8c7,0.02075179484073531
ck_3b150afde386ecff,0.017530821265895814
ck_3b1766a1d51f8f0e,0.10019188725474816
ck_3b1d7648d4580bef,0.0029166596176858806
ck_3b436cb29af99f3d,0.019991880231050915
ck_3b49768b448b071e,0.07001331358751343
ck_3b6057d51fd4c7d6,0.0066520707968377455
ck_3b66196ccf436c35,0.011241993707606193
ck_3b74512f774a6e5a,0.0024701330793212716
ck_3b810f15ca0eaa55,0.02003133412910826
ck_3b92a46daf8d00d2,0.030793566216694403
ck_3b963d6be2773861,0.006327256016397873
ck_3ba3fa5387bacee8,0.0010309264588844195
ck_3baae40454c00938,0.007898401311636275
ck_3bd12d468fdc2450,0.016397499719107332
ck_3be72c9c178fa00d,0.015854434509029392
ck_3be854e42e76569a,0.032938977666448765
ck_3bece63711407e25,0.01712082954689664
ck_3c0031d7514da17b,0.024739115846416887
ck_3c02d4dbbf6716b6,0.010297747339552743
ck_3c08546dd0c92863,0.01818204978053435
ck_3c177f5970b68bd3,0.017749528181715813
ck_3c17841636f6f7dc,0.016226657027152397
ck_3c25029e40aa8a84,0.0065544724219550295
ck_3c3a1a1365741bba,0.0025920311355244253
ck_3c48e0cfc2a58041,0.21859065019921842
ck_3c59df37895ead2d,0.004108380290772663
ck_3c6417a233c68c73,0.042966061175295195
ck_3c9a06eb07c300e4,0.0018342426940362272
ck_3caec7dd6f8d02c9,0.049054288483010064
ck_3ce7cad1f69b71d6,0.013825969825232001
ck_3cfeade2cf270fee,0.007562422291124133
ck_3d139692c51b604a,0.0683426359036118
ck_3d41faeb96802f68,0.0034839385561987917
ck_3d4913a86f207fee,0.02714254459063314
ck_3d56b477fe2370b6,0.01196519224183159
ck_3d58628d1c853c8a,0.002473503919568414
ck_3d6046a533057795,0.006128514582121725
ck_3d6c3c00d854f5a4,0.13734532171262293
ck_3d7b1078e2d57c69,0.0038086539606731738
ck_3d7db96995745472,0.04085292953848771
ck_3d7fa32dfb9fc692,0.06881477800412268
ck_3d83e0a3c1cfbf8b,0.03397684004094217
ck_3d9afd862b3f4053,0.20978397418102943
ck_3db59982cbae4410,0.025112523052071564
ck_3db73bbe03c3d240,0.0014706339026744194
ck_3dc378f37d0b74b8,0.019547135245758837
ck_3dc4d464386f0eb2,0.10956821203047852
ck_3dd542c2d31be2c0,0.020137800563466368
ck_3ded7a8720d7e311,0.005626505329466669
ck_3dee83fa2d109484,0.002480870540163814
ck_3df8da6f60a89a5b,0.024819524844260525
ck_3e0149cdee4cb294,0.045995647799275015
ck_3e24b026bc66789b,0.00080050948638355
ck_3e2516a3e35067e0,0.006674731250468163
ck_3e3c64b3b7876ce6,0.017424719629469704
ck_3e3ea5d8c4a229dc,0.11984040936543541
ck_3e47f8c56c811700,0.0021191267944661164
ck_3e4d02a04be2aaf8,0.07100705987095818
ck_3e6833574edf1736,0.0019670648530051107
ck_3e6f35e4500d2f2a,0.0014908600833968806
ck_3e91dcc209431984,0.029036219059049975
ck_3e9e3bba8bd363af,0.004370049271581665
ck_3eb6146c262e0fc3,0.002199513800094046
ck_3eb73e56751c704d,0.03250200675823728
ck_3eba1fd2c7acc4c0,0.3283803593501957
ck_3ec9b9d8dd7be11c,0.008734480766732807
ck_3ecd8a5ce65e21ca,0.0057022906645614515
ck_3ed4d13f12fd9d0e,0.08264245846690155
ck_3ed9e081959b2f5c,0.01565054507744236
ck_3edaa94d28cd48ea,0.0029388733359349017
ck_3edc45db58760d76,0.00475873465483016
ck_3ef7a03ebb81cfe3,0.0018180114374895143
ck_3efb0e9bf25612c7,0.012597302267350974
ck_3f090fc96c24eb28,0.0016264564843193688
ck_3f1287e6c27de0dc,0.016962232485663503
ck_3f16e2cd7e6874cc,0.017544148191097893
ck_3f5ae4673a9f858e,0.003215539760444667
ck_3f5e8f3f1df0c8c7,0.022158255456262755
ck_3f730318a9792292,0.018619744941966672
ck_3f7c870510083a51,0.030880029362651894
ck_3f8571d4f7420b2a,0.07623720793408974
ck_3f943f20a9da9bff,0.01635643519119154
ck_3f94a34f5038f7c1,0.8617521657925086
ck_3f9e6d356d3dd3cf,0.002196338819102392
ck_3fa1a523d77cd619,0.013292954890230338
ck_3fa559c679751b3a,0.013978233297820612
ck_3fb95862b70f505c,0.029055336526508574
ck_3fb9813849e51837,0.0067908266074120935
ck_3fe86b6331ff95e3,0.1929688945258117
ck_40052cac10562cde,0.019473094183798292
ck_40140bef4db73741,0.012287237245521287
ck_402db4184982fdf5,0.025871469278251843
ck_403da2a2d800df9f,0.20084743069397396
ck_404e2217fd87fdd2,0.003125545024565639
ck_405b20ef9ad0ba5f,0.07876975173724277
ck_406c4442dee45cd1,0.0012853824326373325
ck_4072b59388976896,0.016768338720216058
ck_40780fc0f8d6f309,0.019099009003188446
ck_40799e129fcf42c5,0.27022077217884755
ck_4085cd3bf2661518,0.011327876465794893
ck_4087065be2a45ad7,0.17025685003295227
ck_408efac1d3885ff8,0.05301149130491897
ck_40b4e264d1a12b83,0.8021788594491154
ck_40bc6de252865f32,0.00704968180478011
ck_40e84e6ffe788a4c,0.018879253489412887
ck_4108b4038f762817,0.06185457527643271
ck_410c3e13b48e0415,0.0018510480335006405
ck_411219470d0a195c,0.013135560123519975
ck_41346ccd9242cc8f,0.006457518750473017
ck_4136b00924695ab4,0.0005606715912273998
ck_41406cfa209b6bda,0.001944149831425852
ck_416f7ac57da081a3,0.029130366052457324
ck_417090dbffb1a63c,0.01176693018426818
ck_417a3500b2c717b3,0.030453906378208658
ck_4185506d12cf9fa0,0.0012448833087802566
ck_41938582f4351772,0.0015533289675967457
ck_4199342d3aca74e8,0.07535535776580746
ck_41af3729590c2484,0.011812037833237688
ck_41b954c7a948c060,0.004199148838164921
ck_41ba315d8fccb559,0.005813043442699305
ck_41bc3efa0fca700e,0.02825983968361549
ck_41d91dc9f5063566,0.028480137066524754
ck_41dd44308e6a665a,0.07622822419905091
ck_41ef7967faf5ce82,0.0009049129088873055
ck_420d1a9c604293ce,0.016548656943729704
ck_4221e07b17388fd3,0.03890662461153312
ck_42317c3eabd0a285,0.23736958365343613
ck_42341cf31c08c981,0.0019892295182641012
ck_423ff4ede6a9f066,0.0033075815771853915
ck_424c254249a109f0,0.011295986175810414
ck_42633573639a3f02,0.9538377201044056
ck_427b91925952cb40,0.013212432088453414
ck_4280c33af57eb4f4,0.0020600065089835065
ck_4291fd9c1161d8e1,0.02555674079165925
ck_42c6973d3a6fe983,0.0018818434594736573
ck_42dcf92e9e016922,0.045382910120402534
ck_430a3d03be588201,0.009559092613575048
ck_431118050b834dcb,0.0005662984425006532
ck_43292f70a03ddf2b,0.04784007281162014
ck_432cc19c7eeaa46e,0.02987148154811797
ck_4339f86c87289222,0.4989312228641942
ck_435cb24538c6f77c,0.043955521337130314
ck_43637d28c7216453,0.001854599958376257
ck_4364a83a11743888,0.0036293102031517903
ck_437afe412ea4259c,0.11488680651064181
ck_437f9ecd2016a1a8,0.0016562218946456616
ck_4388abce33ecd01b,0.2593395296483653
ck_43948784650bb9ac,0.024433108114231637
ck_439cf7d51ec7de0f,0.017388487014996186
ck_43aa136bdb0a2832,0.17213961966093297
ck_43c1248db37a2eb0,0.004360585701700269
ck_43dc13b6b6d31297,0.0473810501717447
ck_43ea894480567274,0.04475870913714505
ck_44211dc210139ed3,0.010334188218888036
ck_4424a5223ba2fe00,0.061619467740975056
ck_4450b55f462ae134,0.002496977178685737
ck_448456f96788713b,0.04150826856268466
ck_44950df09ff14ded,0.0019642073278969816
ck_44b9125526acb05d,0.044552270745944034
ck_44e57a0bad5a0745,0.01702238335208325
ck_44e9a18a8645c9d3,0.0025129155277488317
ck_45424ea6f0bc4650,0.35202089404922915
ck_454a7e4d859a3409,0.0016627970942360536
ck_454b9e21b7f25a4c,0.0018679179158072755
ck_455672e652fe1abc,0.9375833276774438
ck_4563227b2038ae07,0.09542929749069325
ck_458531c22ec2f9b3,0.008129685648076214
ck_4596624a7c01d501,0.007207049422164814
ck_45a16ce12893cf9b,0.021027108600432186
ck_45cd5ef6b359e9b4,0.005370792853784024
ck_45e70c8a9686580c,0.06570015491725281
ck_45ed5ee496ef8a67,0.008707693901064583
ck_45f4c821c70d134f,0.6700363113335265
ck_45f57fb8194cefc8,0.0051173018142540725
ck_4610a073bb54d1b1,0.019211281548988563
ck_461e3f7b97db8d16,0.03188092303499648
ck_46225858a38b2e57,0.0041921157265962985
ck_4637e54a9f79e2e7,0.0021921697518418547
ck_463937167965a1f8,0.02232239108344035
ck_463ae759e2b6ad1d,0.01666548505598088
ck_465cb8ce232c7670,0.012553183320555687
ck_466103ec5bd9444b,0.006380775814266967
ck_46656a23f4456d22,0.3213183090482914
ck_4666232ddbf77756,0.02296560644189519
ck_466a7316eaf149b1,0.04101137916738712
ck_466d4b5366c50b98,0.0011728753164887305
ck_466dc6274fecd708,0.011351456859443932
ck_4672167d7c989bbf,0.06655126755151564
ck_4682fad271d47eb0,0.8553883239852934
ck_4684fdd61c6a0fac,0.019419406622500534
ck_469a0578d05990c2,0.0039614766825215334
ck_469c17407d17b706,0.01919745601812967
ck_46a8db16ad00b749,0.02439572878598364
ck_46bc797b4d07d607,0.002623517422772727
ck_46bec0bff167ed3f,0.02279230262848789
ck_46bfb2cfc29a6d2e,0.0054493948479464455
ck_46d51648c1bf80e5,0.16400502447676993
ck_46d8c029d46867b2,0.002394747575104306
ck_46f4e1f5026f4d1b,0.000977037810495288
ck_4717f24f2c6f40e1,0.060179292812470024
ck_4719112b55d20161,0.044204218160456485
ck_471e4018a23b4e56,0.0017510653822901442
ck_472c81a144f4631b,0.003407608154388423
ck_472e0be7a3b533bb,0.01363845531187934
ck_4732da7e0d2dfc7c,0.0023144734168225457
ck_4737e0d56c6fa0a1,0.011276995827514241
ck_473d6314ea614b29,0.013018058410523309
ck_475ea9aa6d3898b7,0.3224376607425385
ck_475ebccca25e30d1,0.009828673162661391
ck_4760216154c8cac2,0.5914552806278991
ck_478d2667aa9896d9,0.0013405645062446912
ck_479a065d5903e9c3,0.0017666993647533023
ck_47a6005fabc33551,0.0019067525035821977
ck_47a884dec960ff2d,0.006754087249300168
ck_47ab8e51e5b3a2d8,0.0017625882849652075
ck_47cad6c3def4c9e4,0.0020770831473406305
ck_47d29c01b20cf69f,0.02592877666016501
ck_47d3e8d1dd3fbcef,0.005135356863473983
ck_47de038381a9cd65,0.09096670515893907
ck_47e1032f490bb018,0.01973699322470067
ck_48011996d54855ac,0.22736183871602386
ck_4802a0a7a1882c88,0.19776511301890995
ck_480347ad92037105,0.017648117221448146
ck_4807726e797fb893,0.04602029539761051
ck_4819327a78615485,0.0030184721347752256
ck_482dea6eed92cbbc,0.011058164372446421
ck_483fb981a1fb4317,0.013473491311389555
ck_48446a9e8184c7d4,0.0015636474747956894
ck_4859a58629622915,0.005014622740602054
ck_4863077723cd6ce1,0.0017069326536822969
ck_4874bdec79f9106c,0.050181292896999505
ck_487f7fbc290e4ae2,0.004569195769739469
ck_48a6754977a44db0,0.09690148941425668
ck_48d0fc4f6a2109fa,0.9940776467860916
ck_48d4d63beb26b623,0.007327008272745964
ck_48e84b0cb0b90fa7,0.044355865223053584
ck_49170c4b31a20f5c,0.005301797176324352
ck_492e4b89c61b7b6c,0.01027357222622121
ck_4937cfa6526ea138,0.025459087130631407
ck_493b6256091014cd,0.054310030676479444
ck_4940e78cbdcfecf3,0.01341302893362304
ck_494954023f0eb309,0.12981486765693603
ck_494ec63c5ce8e150,0.003724808080701925
ck_495d814d6d6d521e,0.0008834165754250826
ck_49685deb63e4e8f8,0.007283297142115035
ck_497ed60723283c0b,0.004191781963373244
ck_49839e761d0e74e9,0.009901391411281223
ck_49886ff1e2c759d6,0.016321164062323642
ck_498a0acd450944d8,0.0012440472704923003
ck_49969a9abc47cb69,0.012344535740323412
ck_49a0efb5d4067b6f,0.45771264388571675
ck_49ab879b5aa7fccd,0.07416048966172059
ck_49bdba9ee1899dfe,0.08657828835146088
ck_49c3bf13dc9471ce,0.010732064843939787
ck_49c98bebd1338879,0.004476900587567257
ck_49ccc3716a564256,0.0034127095079615794
ck_49dd816b31fba6b6,0.690000530257323
ck_49dddb894d33f6db,0.028884123319445815
ck_49df70f908dfd069,0.19643809975421866
ck_49e253ea12f4e922,0.007203614973282604
ck_4a0eae220a762ac5,0.011485122906071833
ck_4a103f8254b366f7,0.0026579108756471723
ck_4a1f0172d3bf4fd3,0.006130538792865571
ck_4a24ad61d017e1ba,0.02290503396879255
ck_4a522ca2dc4831a0,0.0012668241496014184
ck_4a59f4e10bf45d7f,0.0011467296951975473
ck_4a691892d9d6cf89,0.023802538048352837
ck_4a733aeb833406f4,0.004347613300338881
ck_4a9a791a1d409a3d,0.013329210033490982
ck_4ab74a6e7450416c,0.009053790938213443
ck_4ac918e884cff336,0.05521748571401479
ck_4ad5937bef176d89,0.0010218851046159636
ck_4af5ec61ddbde1a4,0.044355865223053584
ck_4af7b97c24d89a45,0.01603007093961247
ck_4b00e75c2d2d0522,0.0022949249319089192
ck_4b041217690fca2f,0.02172410315621823
ck_4b088920f3a844c1,0.044355865223053584
ck_4b0947bf94e9d847,0.015783568808699848
ck_4b123d6931b6d0d7,0.6155909366126007
ck_4b15b0746318cf42,0.07040846688717418
ck_4b2e87d86a5e415c,0.0526273490827581
ck_4b31a8862a857e6e,0.7860408101049028
ck_4b3506b624e5193c,0.025584861074428474
ck_4b387765f0e916cd,0.0033381520455112684
ck_4b4a3c5b95c55b43,0.0014454541180755653
ck_4b4d99e443618904,0.022659877363167946
ck_4b68b38c1b3326a3,0.004033015712089886
ck_4b84357ae8ec7777,0.011715735281611352
ck_4b97d19ed946f503,0.015994467438943415
ck_4b9dd69946438d0b,0.01807800740131495
ck_4ba8bec14c2217e1,0.013695094744087496
ck_4bb90a61c21a303b,0.035857903622064036
ck_4bc42878fa180991,0.04605228537990292
ck_4bca22b5926b9c28,0.002837300890093307
ck_4be03a2aa62b93c7,0.0019737860744540514
ck_4becdd3d2696c7ba,0.004248164318958625
ck_4bfeb78b47b7c6a1,0.022604040999212656
ck_4c1fdd1669c7cf51,0.0028412499805388516
ck_4c25570eb72711b8,0.0012274368462212883
ck_4c2f2eb657c2c60e,0.002584875590153942
ck_4c352dd3e7c81269,0.1192879644047214
ck_4c37586080edb7fd,0.001035878438977847
ck_4c4a939154446053,0.01104169050815456
ck_4c518637db2322d5,0.06923013757615833
ck_4c5ff58afe3d7a67,0.004304349325168537
ck_4c6ea04ce8ca9e2c,0.0030168631802316077
ck_4c76efcc1ee6762d,0.043391361069267435
ck_4c7c50684827a2cf,0.004728904769651722
ck_4c840e5585a7b167,0.2920538211074416
ck_4c99a6eadea143e2,0.08959117896392389
ck_4cc11c7d3ca61f73,0.004771674916180086
ck_4ceb43ccd0a81c2f,0.00528988229003912
ck_4cedf26628c84f26,0.007104427164288452
ck_4d1baef193cfb900,0.062800255004398
ck_4d2159603045109e,0.008632238895141881
ck_4d3aa36ff83f1132,0.31659002617595194
ck_4d503c41cf4e5034,0.030163504960742094
ck_4d9eb75e8eee90fd,0.04302830324956364
ck_4db6d4fd2b49aa81,0.024874009431681676
ck_4db95c310e105d30,0.001599366142952959
ck_4dd4ed23e0b927b7,0.1821772026420322
ck_4dec3df58077a257,0.22298470942060636
ck_4df036e2aa7e1056,0.009957545166567055
ck_4df2fb8e4b649e27,0.002714403975811893
ck_4dfa1c1e9b69fcc8,0.008079008645943823
ck_4dfd8947f540eb24,0.010509442658154247
ck_4e0e80f5cc271bf7,0.001893844658991574
ck_4e1757d1347ab387,0.9846872218559604
ck_4e329e29dfa743ea,0.12947850408384237
ck_4e333c09f0c37dee,0.005615605630517601
ck_4e39e3b165edab58,0.18129505372952048
ck_4e4f99102f6938cf,0.018094995309587483
ck_4e862c2f48c38aeb,0.0021107087392040072
ck_4e9a6f06ab134102,0.01705016216638319
ck_4e9fba1ec54c3ff8,0.020435357456621114
ck_4eadbe7298b15e96,0.021395565639178382
ck_4eb1c12f7d092bac,0.0009823216227783204
ck_4ec040b9e3785e4a,0.004490840080975529
ck_4ed711fe4053e74d,0.03811838267932699
ck_4ef9de711c3d93b1,0.044510285857701025
ck_4f01f7eac0efaba5,0.017730036359253305
ck_4f05daf1cf0d5755,0.001539462876551415
ck_4f0c5857da45fb28,0.22692981958967845
ck_4f1e962ff8a29732,0.0027041116073533516
ck_4f325dd15c9bd45c,0.05179222311416079
ck_4f463ef25325ddfa,0.1728090321986598
ck_4f490e379e9ded9a,0.002030197857213745
ck_4f521611ae14ae66,0.0014146973515813987
ck_4f5d022c99f118b7,0.12482153689101189
ck_4f5d7985bcc2eda4,0.003998225487644479
ck_4f639f4ee6ce8d9e,0.312421727856282
ck_4f63d5245b3ac1dd,0.018521067341468696
ck_4f6ed5ea5ab7c429,0.002589770378564672
ck_4f75144c6f3b13ad,0.0190663152160353
ck_4f875342394c110f,0.041434701207097184
ck_4fa85cebf707de2c,0.0031581864453112105
ck_4fc6256e0e60a926,0.003215741011870679
ck_4fd9dc00e1913587,0.9730862168960787
ck_4fe4b072f03f2c1e,0.012944290706212013
ck_4feb21e2fb0b3977,0.014541204106686889
ck_4fecb87eaffd5cb5,0.0023589518772305982
ck_4ff6fc70bccfba96,0.6375780804426752
ck_4ffe0366df388604,0.024589266236701005
ck_50087d8666191144,0.3151422883754311
ck_500948a8d4bd8e13,0.016700170882384312
ck_5009a6c8bbaf15ba,0.02262062394765464
ck_5010ffb1c94187b5,0.002552020584750656
ck_5014a3b07e1f049f,0.2362825482001078
ck_50176dae5b1b716d,0.00856401915558019
ck_501dcf1ead036d2b,0.010378011944655045
ck_50422466f145bfd7,0.0017122938501178864
ck_5043e474f848346d,0.013249096118609352
ck_50460e0189de6274,0.907424391526057
ck_504a45ee08db72b6,0.01834622038567709
ck_5060aefcc8b6f958,0.017603837808223218
ck_5068ee554ceff971,0.06642010773379224
ck_507a6a580ab55c76,0.014812167256677678
ck_507e40760a24d2d5,0.025195927034511966
ck_509c22828d467ba3,0.040415306265201276
ck_509cece86a558de4,0.007281831695089359
ck_50d0bb7edd8c69c0,0.05243600571790651
ck_50d7c4dab837bf66,0.007539692035071103
ck_50df50af592b0c06,0.023614627331096663
ck_50ed8f4e7ae6710f,0.01511236007137311
ck_50ede3eb561a202c,0.01756282560469278
ck_510bfbbee37ff436,0.009421707250485339
ck_510e7c5df1f95d90,0.9893415189746194
ck_5124a2e415384945,0.021121817611025627
ck_512ebe97c0af94dd,0.027010205299953183
ck_5138f6c575dec64c,0.029263154670042864
ck_51440f64f7250ad7,0.02563626187549459
ck_515379973a8044b8,0.005537174264600923
ck_516163fcf04d5e77,0.012356674262577723
ck_517620ca16505af0,0.010870282918774177
ck_5177fc7137ff26ce,0.0025802858458703315
ck_5189a302cfa7cefd,0.001125277326819234
ck_519a26ecf3d29c90,0.0010707129777011097
ck_51bbbf8f8e8ad005,0.9970347451682506
ck_51bd5f69b4fe0b92,0.8227494131081612
ck_51c50c4c443df31a,0.2702630666881283
ck_51d3e8dd7465c015,0.0036704043855888746
ck_51d842e6dae74c71,0.017360687663078633
ck_51efdd240e34c642,0.06020945108043988
ck_51fe0b613c076cbe,0.003976397383151876
ck_520ec32c4f253604,0.034849351056793695
ck_52174855b243a8b0,0.11343050244881733
ck_5217b55593a332ca,0.07289182253450306
ck_522477be6376b450,0.002543669822545675
ck_523dce06515b072d,0.030036370999246973
ck_52427b3f8478db19,0.029811150895751003
ck_52453401f88935da,0.015386209546736128
ck_5245cbc5ff4d4fa6,0.006002526251879267
ck_5249b223000915ec,0.031881999421160385
ck_52730906e5b461eb,0.8825770048106252
ck_527550dd15f38782,0.02204440826024346
ck_5275be4e1577c1c7,0.0022398256134152886
ck_529fc3170fd11abd,0.09290457392001633
ck_52c0ef68aa2fb8cf,0.02675513717502231
ck_52c311f29ca3aca9,0.0020223127522977563
ck_52cc2fd5095b169d,0.026329441256320446
ck_52dec82e9cf6135a,0.0036892736204180133
ck_52e1418cf1aa9871,0.053597718714322506
ck_52e37e2170532e2a,0.03171344874174698
ck_52f641c9ee6fda70,0.0029509405178189175
ck_53036d3c6c74446c,0.20079294813490203
ck_533672fb40531607,0.11498520741759609
ck_533c4f7400d5ab22,0.2626112731137875
ck_53428573abcd606f,0.03243696742625027
ck_5379452a9d74efae,0.001447546935626006
ck_537cc97d0398c922,0.1963960881553893
ck_53816231f3ffb48d,0.0015757330763614592
ck_538dad7f096458ad,0.004510331339571526
ck_538fdbbb3c2bcbbb,0.02702887625466931
ck_539cb0d117db8cd3,0.26293855227815477
ck_53a6a33060d5c8b8,0.0019170296999160613
ck_53aca610e20598bc,0.013142820460469166
ck_53c8315b5c30acb4,0.015025074911954412
ck_53cddfba570b4a3b,0.011071929993364095
ck_53d17ab97de1ac3e,0.004884910327012685
ck_53f55c6e8cf2d432,0.0022798738714014384
ck_5403c76fe68a08ba,0.30121768418479317
ck_541a734fc457246f,0.05044695146751967
ck_541b6ad5d2fa5a39,0.0011192768892852355
ck_54459b45d2be8459,0.002217239421139099
ck_5448c946cc4758fe,0.013968727515535982
ck_544a9e80b7fdc279,0.003285473458645092
ck_545b71eb4fa594b5,0.011376107050027806
ck_5468fa99c945d785,0.014051342808001799
ck_546ad962d04b7de4,0.9483163753495238
ck_547090bf35a3b243,0.020092737434005553
ck_5472214011fbc2a7,0.010997461775854676
ck_54748ae0f2daaf10,0.013507506689459244
ck_5478eb69ef912785,0.057745727999360244
ck_5486768475af7bb5,0.718140525962549
ck_54978a073e7a0b1a,0.004883075738114202
ck_549ed417f2834cee,0.08628683350159894
ck_54b087bd873af8b8,0.00597161171147936
ck_54b0b070689c50d6,0.0015257146270074371
ck_54b374ade34e1dc1,0.002549565198572593
ck_54bb53b8f8ea32ae,0.9781366532661951
ck_54bfd70022c66983,0.011264715165961873
ck_54c2604c9ca6256b,0.01407177997488203
ck_54d463f7fd89ec3d,0.11019527928817832
ck_54e2eb018d947790,0.024467806167957254
ck_54e581f71be5430d,0.0015657570804291745
ck_5517b9a865960542,0.009837355572100337
ck_555848d51f4b5f35,0.019590327669385243
ck_5567779d6ba184eb,0.02756974541510136
ck_556786868599143b,0.012672721664312797
ck_556c62e92d4e7e5b,0.10666866742000336
ck_5576b725de38d106,0.009027195742772406
ck_5576ffc6aaf6f22c,0.0008787953265659529
ck_558a82590f65df69,0.003552543213978426
ck_558cfe5f77a55a9d,0.014538061909436076
ck_558ebde8c29132a4,0.027267520289739226
ck_55933936536a4071,0.001551681221607791
ck_55d0c7012d7ef236,0.03892525398093568
ck_55d7217b0aff9fa2,0.004421897949185023
ck_55efc92394fee232,0.02240390734438305
ck_55f2ef0de3420e3e,0.009689530614477599
ck_55f50a9ae2db8ff7,0.0021155484902077326
ck_55fc62a5f89a7251,0.022147350255279998
ck_560bc6017870ab06,0.0047663845601227245
ck_5615c6bbdef05291,0.08503856225173391
ck_562320295fa35875,0.005625646177155087
ck_562c76a3753fc7da,0.5435896937254219
ck_5647030283171ed5,0.8657280567105112
ck_565e3418d2f4061c,0.010520339773006922
ck_5662492a54e6688b,0.031185142163754925
ck_5691cd6fdb6d8147,0.010876852464535873
ck_569b83668d74042d,0.32563539599107433
ck_56b389627d8f02c5,0.9781826395205242
ck_56b992c6f136fa5e,0.02671273737430227
ck_56de216eda6b7fa6,0.0007503352478555532
ck_56e6cfa32156a916,0.0037033498079578073
ck_56eed7041add49a1,0.17380382104826173
ck_571133b2aa8ead51,0.02691654281198355
ck_571dee4f3336c7ce,0.016714794176130417
ck_573feefba6bf78bb,0.1271462820318752
ck_57658eda1c59bc52,0.004419344039611755
ck_577c816b41cab002,0.9094406566308804
ck_57849e15b61c43b4,0.0030666993367807153
ck_578f67e69e5d2cfd,0.0014483929155686402
ck_5791f8f76a629a4f,0.04563314879747291
ck_57a6b56b09bff24e,0.018111924065167664
ck_57b3fee69bdf85e8,0.0028282315055796806
ck_57b657aba4daffde,0.044355865223053584
ck_57b8226610b48854,0.0012819186759194803
ck_57bbb19eecb4b87c,0.0012050976433066205
ck_57c07c45269ca8c0,0.0036124984655306683
ck_57c14e32fa4683bf,0.0021935656824179773
ck_57d0a7eb7eae2eaf,0.07896217236907564
ck_57deb202d4188a29,0.00807158546288
ck_57f17254e2688637,0.016367617952346772
ck_580dcec33ec232b8,0.0023346191125568493
ck_580f136ced341298,0.0024741215638902055
ck_5839f5cbd8165b1e,0.03641922531143173
ck_583d6ca78c97d91e,0.4180634506678277
ck_58412a2674fea506,0.0077405659013559044
ck_585ababa02383b50,0.008139305004498344
ck_586001d3ed9e7fbc,0.014716773276545045
ck_5866b413549765bf,0.003122042266189448
ck_5875828b11406398,0.01081592669400727
ck_5881b174e49b04ee,0.0020709889572863155
ck_588f6e6a6a6d93e8,0.01968585199588707
ck_589109a188adc2c1,0.004566861000645545
ck_58955542edee1adc,0.004674027928828234
ck_58afa1550b3b5294,0.007199455649810366
ck_58bb02d98e2b9cd5,0.01695648852552356
ck_58e20f5a3e7f11b8,0.816308511734842
ck_58e5359efc52e0ad,0.002522887102054484
ck_58eb871e8d7bed52,0.052315152131296457
ck_58f4c3ac61fda129,0.07218020569136697
ck_58f757e40a9b8877,0.014529076946443004
ck_58fd684aa5a6f289,0.0006802824515547896
ck_590716322ff147ae,0.03374225613946923
ck_5923f53b77193a58,0.039792353062515835
ck_592a3520d841d11b,0.02142028001480715
ck_59371c9140239fd7,0.009058695255058672
ck_59472d17debedafc,0.026956042328048296
ck_5954f45a2ab45f43,0.07531438294863949
ck_59684167f9c6bf4c,0.13732428837292576
ck_59735f4ab2ad3da5,0.013218458879482151
ck_5984be472d2bc267,0.248541279767524
ck_5986119e7d81e831,0.013054769992847074
ck_598e036a28262aeb,0.021044185497651618
ck_59a14d2564193101,0.0085698429054876
ck_59a164c40c03a45f,0.033368644589638286
ck_59a561f3df01441a,0.019675403900191492
ck_59a9e000fa275e1f,0.020713228213673218
ck_59be61b53d971611,0.017302411214922653
ck_59c29d9c57b4f994,0.0027160163573678423
ck_59d086fab5998646,0.008134421534090944
ck_59d380a0973b3951,0.026214578148139954
ck_59de511b20c842ba,0.045173977846741174
ck_59e77e3a81f1fa0d,0.06748258201864861
ck_59f46321ecf6d306,0.012719817957421409
ck_59fae092fb0c4aa3,0.027351383836112353
ck_59fd11b3232de9dc,0.8597601925387748
ck_5a17c89219d1d9fe,0.007649364686106079
ck_5a22cb36d612236e,0.005012020896776091
ck_5a29b7018e43280c,0.0021220658029967904
ck_5a4d19f1b83feeb8,0.00921956306869562
ck_5a4eb535c9a11993,0.011169980598169992
ck_5a540b75c866166a,0.021409146404984057
ck_5a6593d954085775,0.022330339430474105
ck_5a9d5f9901e37e31,0.02062570480695666
ck_5aadd286d188f5c3,0.008030625278364125
ck_5ab39bdc9610f6f3,0.49774229355972716
ck_5ab68b434ad53fea,0.004614235894618294
ck_5abe57dfff4b735c,0.004456558317839594
ck_5ac335f02280271e,0.0072437886805654175
ck_5ac86682385c86b8,0.01169997294350508
ck_5ac959cbcc5e98f3,0.0030469470796851516
ck_5ad798286384484e,0.030005484321464358
ck_5af9934a56801ac0,0.013956740576197639
ck_5b137d74bba6b1b4,0.004164991490382071
ck_5b16d67c5ea89930,0.015275157859937381
ck_5b2728f7cca414ae,0.0011816322386134861
ck_5b3ba20c8bb1383b,0.010096693564355703
ck_5b52ee0a13c71590,0.0035488659941842267
ck_5b59e859bed5b40e,0.019952314605409138
ck_5b5dea6476d4e182,0.00912085851676742
ck_5b73d7c5255e58a3,0.2520224080295493
ck_5b82c774df10d49b,0.0011047120409180538
ck_5b8315726f6204e0,0.010506074759826074
ck_5b86fd14e85bc9c7,0.7966547495441109
ck_5b8fc4a76f340797,0.010405301063117354
ck_5bc07deb82edbad7,0.0028402094669086045
ck_5bea0e0ee0b094cd,0.0007714172824041489
ck_5c0fe988b8aa7fcb,0.17562133461763446
ck_5c2d43ff841632f9,0.004168309385895614
ck_5c33bb46c1a5945b,0.014026414317695501
ck_5c36c78b7a4d138c,0.05644936963824692
ck_5c37f7563fa7591d,0.014417456141517506
ck_5c3a671883d58b3f,0.0010312371551450897
ck_5c3f13de0dbd5086,0.016575390776310584
ck_5c45968a805132e0,0.01567444922259886
ck_5c47b49c26cce286,0.01114134926006672
ck_5c5284c45d9ad8bf,0.09512622274735975
ck_5c58e7f8fd55e26c,0.003962430790523099
ck_5c67f27816ae0b6f,0.005134574314578473
ck_5c7ad6e731b69333,0.5181323920088623
ck_5c82444b3b9160ae,0.029225615769906333
ck_5c8390017fabfaef,0.014090842994855541
ck_5c85d93ecfed4b0e,0.0033544375713691157
ck_5c87eea1cc07cc92,0.04578166548823186
ck_5cacad76e02c8e3d,0.7990039233926567
ck_5cb9d7b2329d5ab6,0.03898722252167737
ck_5ccc0c94e5e1f849,0.015222848536743137
ck_5ccc1a1c78cb33ee,0.06059050476875253
ck_5cf67a3a747e684d,0.5274227719740281
ck_5d01200ba3341462,0.017407006782728506
ck_5d038ecb3c8748a3,0.009349729174010215
ck_5d16e257c0635f7e,0.37809499349815007
ck_5d1e25d7acc5af9a,0.006894714392716525
ck_5d22e9ca1d15180b,0.4597191290243702
ck_5d2b9e6e087b8dfc,0.9963015322117738
ck_5d4ed73b9efd7d11,0.010479256959182783
ck_5d5ef9e75f65d076,0.015152119346778471
ck_5d644224135d7c65,0.02028357903594323
ck_5d72ff6cc2963d1a,0.0021407625175939656
ck_5d75ea4f5c9080bc,0.8301715611453377
ck_5d7721930106dce8,0.007211795513071007
ck_5d7801201749ffde,0.044355865223053584
ck_5d7ae0e3562e99bf,0.22255464847664386
ck_5d818522cbfe2a54,0.03494275452431343
ck_5d8481e2b38bd99d,0.030570626465460424
ck_5d8773badd0d4740,0.024850008408328635
ck_5db1cb368bc41ac3,0.00948663076141003
ck_5dcd443fe0bbdeac,0.0026390567916263685
ck_5dd80b3c01457bd8,0.01347859424016904
ck_5de33a7a87e9aa62,0.021910044296253456
ck_5debd55f361b2ddf,0.0006632036015683367
ck_5df6529ce8290906,0.02293173377736905
ck_5df85a8924e11f27,0.07143187683667608
ck_5e021f2a3b66e256,0.03636416473599904
ck_5e18870d8e30e379,0.008551395950476565
ck_5e1b81848718bdc3,0.023055863007972018
ck_5e20953547ba4135,0.0678199282981012
ck_5e36042cfad96c99,0.699120599043184
ck_5e3bc76eddbdb0a6,0.0015426816306995804
ck_5e418a7c04437b4a,0.09217356966152937
ck_5e512ef5362a3dd6,0.002021234489092863
ck_5e5280539257c986,0.015889602460017846
ck_5e5461dac83531ac,0.009666705533095721
ck_5e68ea2c5e893cf0,0.05815793480915565
ck_5e74fdadb93ff293,0.04272574863359179
ck_5e84bca0e362da20,0.03128957879526435
ck_5e8e857b63966609,0.45417776764170537
ck_5e98ed6391d9f429,0.03393657263827375
ck_5e9e149a3b69c726,0.04880527548891885
ck_5ea89567dfe78e4b,0.01653044019903126
ck_5eaeb87bf6207406,0.9394666946889371
ck_5ee32bc6bb5d1d4c,0.05817227577400379
ck_5eec9ed855c26000,0.004153405801286398
ck_5ef50fb07b6737d5,0.0060020010386009235
ck_5ef935ac3d4d3332,0.00882716092058489
ck_5efbea1befdefe1b,0.25622314174784633
ck_5eff0208c74ec714,0.014297032502065469
ck_5f0be7b468a72333,0.005140347368343834
ck_5f217bfe28954e75,0.9923271351366539
ck_5f3609511443e5a8,0.003275537267650339
ck_5f445182829ef342,0.02710477066298928
ck_5f48762a14a0326f,0.0012337175421320533
ck_5f4a25ffd0b85a47,0.009056067702483708
ck_5f52728d777ff2c5,0.022360249567229127
ck_5f864d72d1eead99,0.1492428826548414
ck_5f87eb05d18186c0,0.01117465901150738
ck_5f9a7ff990341bdd,0.023935252070222
ck_5f9e34c849704b95,0.0013521065618734565
ck_5fc65c24e0736d5d,0.7968940421259204
ck_5fc90b4668ea81bf,0.04429024346532094
ck_5fd8924732fe403e,0.04483604917671987
ck_5fdafeaec036f016,0.012583014691591584
ck_5fdf8a0bdbd3ed62,0.015416310629560207
ck_5fed957287ebca03,0.002506069963880422
ck_5ff6108056a3fef5,0.007814620076380119
ck_60187ac2c473a662,0.9553957013870576
ck_601edf9105b3c321,0.9869349095185679
ck_6031211ff118cf0f,0.002133416690204787
ck_604c17cb97dc89be,0.0972868833178759
ck_604c710141327a81,0.011461213124784621
ck_604e1b8a8c693aa7,0.0033591263840777917
ck_60557f077abc42ca,0.191773859167113
ck_60796eb60fc3043e,0.016964510178219927
ck_60896cdac2212bea,0.09896094810030621
ck_609c249edd88c565,0.009194370249235048
ck_60ac5e5f375daa38,0.004143492088614486
ck_60b023af6d1e30bf,0.8274435364018001
ck_60b4d59953505682,0.45194120547788874
ck_60bf8a2870956fb1,0.012056505752140317
ck_60c3d8306527a08d,0.0038834063123524875
ck_60f4fb44f5efe3a0,0.008100643727992978
ck_610815786d729d2f,0.005294200642919072
ck_610c7bcc1cd7ecb0,0.006813881796405215
ck_61129937ee466b49,0.0567755953576733
ck_61176dafb33b2d8a,0.9358849444782906
ck_612089ec90c37219,0.0443535327212572
ck_6149ffaf18872dc8,0.0010003373191414214
ck_614d936cef98db04,0.0024859466941686316
ck_614ef655f0685060,0.03046578615333073
ck_614f777c2eb5d537,0.0029121709918570804
ck_615277c8a4e2b18b,0.01709990084819698
ck_615763afc2e17a7f,0.0015161386914547628
ck_616cc31910f5de50,0.010022832171897054
ck_6176baea8cbebbb6,0.008651308912424237
ck_617b65141f546a1c,0.002587398483689637
ck_61814ae9b6d8eab1,0.005002682770192401
ck_618c4e5cfae99dcd,0.019018573098838306
ck_619842688294dabc,0.008238747556219098
ck_61a59a7944d6c53e,0.13315960448447453
ck_61b067de8ffc1ca1,0.051702314456917926
ck_61b79dec96d15713,0.006582521026158563
ck_61c3e3e277629646,0.009797340018041037
ck_61c74163eb36556e,0.006208233020871042
ck_61d244b2cde483af,0.012056505752140317
ck_61d7b0568ec5d6cf,0.007354243458876018
ck_61e1f7168cd9ff25,0.03604972113335919
ck_61fa051192f3e810,0.015786570625686926
ck_61fff5fdaadd394b,0.009023480035389468
ck_62081bc35aa59931,0.00829118115527524
ck_620d7ae27af83cea,0.013954832150515229
ck_621c9ddde6bf2eca,0.034298431254583844
ck_62337eccb1672737,0.00567881181204052
ck_6236a461dc0d11a3,0.0031991210945889166
ck_62720b81617896cc,0.012930089682045424
ck_6276ece8f80ea799,0.005685370067580195
ck_628f449e248c19b7,0.020334940282988052
ck_629537d8b4d0f395,0.00346227013793301
ck_62967b91504149f9,0.002961911419983118
ck_62b9fb3db284941b,0.0030533123309357028
ck_62f46226f244139f,0.024301758720268664
ck_62f5cfe22c952694,0.0017917695596326954
ck_62fd7eb46bee9210,0.007172146901252359
ck_630530e50764f229,0.00450953769591411
ck_630c835243c66b19,0.9778474682438917
ck_63133a79f23e2627,0.563993897268199
ck_631ea1ae91ab333e,0.013968919122629734
ck_63356762d24aab81,0.06605678573677697
ck_63379e3c9fe6f711,0.11312398254460986
ck_633e6579f5c74a5c,0.6277230713175311
ck_634276b05f4381f8,0.02323154182999026
ck_6343e0d3b1c2962b,0.02573923210212536
ck_63560eec94b76d2f,0.01168238794982087
ck_635646a661f05b4a,0.014516726287133802
ck_63601a58a6120d8a,0.04410197721558868
ck_636111f7f030496c,0.0014348871403125768
ck_63743141ffa11f45,0.007813709105224997
ck_638df9e8a22dfe0b,0.010449397319863914
ck_63ce4f44c92d7143,0.021714762139571245
ck_63d2978706e193d2,0.018677081587007156
ck_63d4f5076fe4406e,0.004277250042605537
ck_641c8e7694b21f3b,0.0039076540749348795
ck_642344e5c652d8df,0.016177223540926013
ck_6426427efe3228af,0.03415477986160168
ck_6430a8792f400e0a,0.010058758505429134
ck_6438ae81d43cb196,0.02253158643570122
ck_643abfbd7548d0c9,0.008487228092019534
ck_643f549b4ac78a26,0.21060338489761268
ck_644b1c1149eea9e0,0.017413034533793326
ck_645f15bbbcff3b4f,0.9207547370530326
ck_646b15f753e5e9c6,0.018636855242005007
ck_646bb3c7be5f0817,0.0048407904296202285
ck_646d8d0834782d6a,0.2438599543425637
ck_646dc03de4c31803,0.8923148535421869
ck_646e270e0195bf05,0.02032322858442304
ck_64796b6b2c3c7f06,0.024841797701111487
ck_647ac26c5900f082,0.020168264417990658
ck_6482ed4491bedcaf,0.004148923535109151
ck_648c03f9aa4e45f1,0.04785116149771694
ck_6494f0ef13ce44d9,0.020755566158394686
ck_64a02b7b96149810,0.0021475256844351713
ck_64ac5e6fed86ab60,0.8405674121067672
ck_64b4dcbf436f0b75,0.01735217000890331
ck_64c1633297f43788,0.013339266079124187
ck_64eefec062592c43,0.007159456978142064
ck_64f3bb17101b7c42,0.00680728386091843
ck_64f5eb4be9e7b8fa,0.19225593723820927
ck_64f5fba6af67e024,0.048519956790453025
ck_64ff60c073fdb6db,0.02400454776779916
ck_650020c500b1b50d,0.013877747551013522
ck_651e076ee43aea85,0.0025294958651120385
ck_65491367584c730c,0.02035638195006859
ck_65519d0fb137e0c5,0.0031150775010313236
ck_6573c4947cc8607e,0.09836090363825013
ck_658b4b54be09a4bc,0.9725852655336527
ck_65a23ac8e44eb901,0.004577916499774648
ck_65acc43a6dc3e65d,0.0016255393594142627
ck_65ad9b15979e3247,0.005089923630950178
ck_65be698386474170,0.0025647937905035525
ck_65ed7e72f24731e7,0.004495132396164812
ck_65f76421be648549,0.02920188843468295
ck_660f0006780e87e7,0.01732701333674012
ck_66147fb994495396,0.11264816523848183
ck_66267bbad1f1415f,0.9960447383694315
ck_66439e697695224c,0.007989333515506875
ck_664b5e02759f985a,0.010640378374835729
ck_66600620149c8799,0.0016003157283505701
ck_666b95e75d99ec4e,0.7471485090328113
ck_66746d1090d6d9e9,0.0022931145473202314
ck_66779098e78c1760,0.004759480854084086
ck_668c7fc7d7e47c0e,0.024725451829193355
ck_668ec61c4c39cae3,0.0018814485558038743
ck_66949171b387bb93,0.017038052625857655
ck_66a8325f28be7562,0.0013931104527254738
ck_66accecabf3901c0,0.02361590315243035
ck_66aeb00e44486cda,0.06981902790901807
ck_66bed631354de5b7,0.004124791235531609
ck_66c9a19963957531,0.019598570182427572
ck_66cd34bc568d95e0,0.021371524165699995
ck_66cfc1ebc9a513c8,0.007687882192024151
ck_66d0c6d6b67a8d58,0.0014734096288171507
ck_66d38518f68e6194,0.0012019059620968938
ck_66dd4f4b4127256d,0.0026049004239534226
ck_66e81a4190c33510,0.0037051412675102088
ck_66eb09be007f0755,0.013409313172457558
ck_66f0945add423e9e,0.002797065852170958
ck_66f94903177f20eb,0.014824448190584674
ck_66f9f78d4c6a3edb,0.03605302022253019
ck_67025c64588abd1e,0.0013482438294058232
ck_670dc4910cf476c2,0.002230290331227678
ck_6715139e240007d9,0.011170954792271702
ck_67207e3eecc02d76,0.022712772872256762
ck_675c0ca1ebb1051c,0.012464900111499354
ck_67674348e68d1f25,0.003624824669390457
ck_6768c4b2aa8ce586,0.017390580674379576
ck_676fa5f6aae5475b,0.005141750618827444
ck_6775e387dace7525,0.03747459255532122
ck_677e1d0c14cbf569,0.003958226449958004
ck_67858bc00e81490d,0.0062722065150891074
ck_678e74532ac19700,0.007189762867381213
ck_67a1aa88d2ea554a,0.17115191200026483
ck_67ab6f9e05c85085,0.013720805215014056
ck_67cdcdda3033842d,0.030301900010693297
ck_67e075c982add719,0.014198937844776233
ck_67f3794d93e2dd67,0.13688866422598478
ck_6821459b626d492c,0.00277102506144659
ck_682262b455a9edd4,0.0026988193400011374
ck_68250033717cd59e,0.004839563781464614
ck_683af7b1540a0b22,0.07990903476205183
ck_684609767df4a14b,0.08251363225705952
ck_6846100e43659bf3,0.0017963713014393203
ck_687ab5d5554bfa79,0.03259202142417757
ck_687b412e2aac7eb6,0.014594946222680283
ck_687eab3ffe1f8cfa,0.044355865223053584
ck_68914e67343a7d32,0.0071617176435241495
ck_68b5542459638b56,0.04274815152291664
ck_68b8b859a6ef505b,0.055134186214909224
ck_68ba25dc3385fea1,0.01008017393276663
ck_68be4fefc85a6b64,0.6828578157064399
ck_68dd79a51eabf5e6,0.10109278569891925
ck_68ef3e7301c621b7,0.030339258226960437
ck_68f56f6560a7a933,0.0109093787627558
ck_69105f881da3c821,0.026970362844884688
ck_692a9e8f504b9762,0.0007871692204939958
ck_694eb6c43193afd4,0.004278216381161722
ck_6957905a65c47879,0.017519903411026296
ck_69587a134d43a4ad,0.17398053133215477
ck_69691226c68fd50b,0.506140487914285
ck_69887d0a9aaca6df,0.0013170791849694537
ck_69ab9d4784eb77bd,0.03531742288377674
ck_69b5620e00ef5dec,0.001170319259428499
ck_69bd0b1abea7e1f0,0.22143873667347433
ck_69eb0b2ccfbe5f95,0.04095330693628946
ck_69eda24e931fb36a,0.0011183841206857958
ck_69ff1b0aa143a168,0.02495912993794774
ck_6a01c375fc26705a,0.0027967012529014107
ck_6a0684436a1e66c3,0.8065777403061501
ck_6a0ccd7357979f0f,0.09463433114014583
ck_6a0f8f8fa4a3c2bc,0.009250068209904611
ck_6a17384072f904c0,0.014490337499454341
ck_6a1ff9d69466181c,0.9954108197367876
ck_6a27c44b691dbfac,0.001650043391588112
ck_6a28ea6ce69cb869,0.04300583790733206
ck_6a2c4edd82e10969,0.0007173930929674201
ck_6a475fe324d7d790,0.010418734909993944
ck_6a4981bc721df37a,0.07654140307891569
ck_6a519bdac0d94527,0.002306877758640799
ck_6a548da1728b5823,0.9842875672405758
ck_6a892dd5d05c1649,0.0034649457623677775
ck_6a92cf5f4cf5de38,0.012431489428189326
ck_6ab83f45bf16eaa6,0.0016190439273142507
ck_6abf8302ce052451,0.0735834990526338
ck_6ad56ef40086dbe4,0.005069281598045566
ck_6b114f2a48152b96,0.009867391121063772
ck_6b1ab0742ff04c3e,0.021726849529338208
ck_6b255bf68709109a,0.006688197539407524
ck_6b38763bf5ddbcef,0.060939908461053474
ck_6b55ec4e87a5e22c,0.08257488690118364
ck_6b67fe8e310ab865,0.008609741070837854
ck_6b817117d87063a8,0.008841605746612701
ck_6b93bd8abf87b1d6,0.9270278497732946
ck_6b954c75aad8c012,0.03908471185663667
ck_6b97d1ab90f6bdeb,0.07865918655762089
ck_6ba091eb42ffa9fb,0.25377015631491334
ck_6babe5b8674ff51f,0.007350501865492611
ck_6bc0e5b8c0b7d2bd,0.0038930872082467245
ck_6bc351a3d57aac54,0.007021663402810277
ck_6bcfa37c717f19f1,0.0672114268167436
ck_6be8ae9d78148882,0.030981577170774984
ck_6c084bfcb38e96c3,0.07661257910148639
ck_6c1dbee7e8fdd5c8,0.007857465309602471
ck_6c2453229d608183,0.015906599507622004
ck_6c26c12071c91ff6,0.0020314873807326067
ck_6c33cb15b0d8af54,0.006678035019909307
ck_6c48c58678f64bae,0.001400122810418475
ck_6c54adce174f45f4,0.002120509246935359
ck_6c679602a6476ab2,0.0014579347085965943
ck_6c72a36b05fa0f4c,0.011601432652154159
ck_6c7b41374f9b2e55,0.004809531744409778
ck_6c83aa1d100a7cd8,0.140886589588618
ck_6ca018259f70858f,0.012598186383492216
ck_6cabb1a133f0b151,0.013464682108648911
ck_6cb7c97b72d6b5d3,0.035925310912988985
ck_6cbb011e0c70bc7c,0.003446389486731336
ck_6cd8e0196365c474,0.009050659771361111
ck_6cdac067cc4db5c5,0.01597684841882689
ck_6cfa71d27fc27f92,0.017886033891700463
ck_6d03a542922b2ae8,0.012882095530992241
ck_6d07d6d1bd227d37,0.0795265852238182
ck_6d0d081bfa8a0022,0.038590520254767474
ck_6d26a152f900fee8,0.010141084606648816
ck_6d4cd2de601a2308,0.018212502448152396
ck_6d64190623dea714,0.003744509694790548
ck_6d64193681d2a94f,0.01675008113911434
ck_6d64e1c07b19856e,0.0047354755753861505
ck_6d69e092f9b0848b,0.03607847044126968
ck_6d6ac1f5dd882aa5,0.0009194943083489959
ck_6da9c5912e15d9a8,0.007864061860357948
ck_6dac66c8198c07d8,0.032999911118683514
ck_6ddb55b1f23c6cb1,0.0033932775484557492
ck_6de2aa2bb60978d3,0.016996604607067926
ck_6de6b1663f9457f4,0.002876913040303129
ck_6def9d0429e4ed4b,0.03914719281986727
ck_6e44024e9de301c6,0.0009057942309825756
ck_6e4b99fb9725d9fa,0.024636353566106575
ck_6e4f31bd108571f0,0.0021944523244064613
ck_6e5752b87324b58c,0.020224992743173423
ck_6e606f73a1094afd,0.00829853463420414
ck_6e6258227fc8db7f,0.0014017418993364148
ck_6e67225ba59fa5ae,0.10320953054102253
ck_6e676daa4855b58f,0.03605961258432074
ck_6e8751b571ea54d1,0.018564043875574702
ck_6e8ebaea8f7bffaf,0.0005918098540505099
ck_6e8f8ef7a03cc6bf,0.2448105101274622
ck_6ea70950c1cae00b,0.8483109168316876
ck_6ec39903f765956d,0.012275591879042388
ck_6eceeafd56b42576,0.14960680862762152
ck_6ecf56236789fc09,0.9400237051791297
ck_6eda4c36aecad602,0.003746421336773735
ck_6ee939b7f396975f,0.02261344601914595
ck_6f04d047d1dde75e,0.006148304296576218
ck_6f2f0396e5b1c538,0.9455196788867855
ck_6f3a28eecd2c4031,0.015602484248766625
ck_6f5bb0c930644cae,0.9881223913821731
ck_6f661b428d6fb8e4,0.05254517186835451
ck_6f730b77dc6cdb84,0.005319846099042135
ck_6f73cdbf9305e2ea,0.028480210371421844
ck_6f8102f62c876cc9,0.08884950010844454
ck_6f81c199e986d9fc,0.0028835492481130015
ck_6f847263379f2e43,0.035232788036933964
ck_6f8ae0319c07cafe,0.0020169752352395525
ck_6f9fd15ac6b163de,0.0017559048766104535
ck_6faf3e6820398866,0.009502691276746017
ck_6fb2d142c09ed3ed,0.14530058783584227
ck_6fb39b60c67d5475,0.007354292222983294
ck_6fc37dea4b4f35c6,0.10541277676246176
ck_6fce5a893613fd2c,0.0007880145103957675
ck_6fd8c86ac719d7eb,0.08841883476948233
ck_6ff0fc7487e737e7,0.29139320386790896
ck_6ff6883633b8c7ba,0.0007004663570656386
ck_6ffa90143838a4a2,0.004950449653555045
ck_70066eea13b4c34f,0.004255668383064071
ck_700cb620f300dd47,0.007405651128972026
ck_703499f5410280f7,0.0014400994727982025
ck_703703bda38fdcf8,0.02322039388672337
ck_70396398e4a96449,0.0015295144568443332
ck_703b375dd86a6124,0.01612858322589499
ck_703b41624ae6a5b6,0.0023159044338880073
ck_7048bedd554c703b,0.004650979822712755
ck_7061786fe2f22f5a,0.05598898602142128
ck_706a4f673a9fda3b,0.4117600226592428
ck_70804f60d9704128,0.0409967812526047
ck_7084ed3cf20781b7,0.036253419450027705
ck_708fea345f68037e,0.00503890700287093
ck_70a60e095e9b706f,0.0015908840925635888
ck_70a932ab39d86a24,0.0011116290204830847
ck_70b9274473bd6dfe,0.02366992595076416
ck_70b9b79ea1aacba8,0.039819635013107785
ck_70bef9ddd4bab005,0.0035195904893599093
ck_70c7679199776a90,0.03302109215507509
ck_70d19d5650ddc8f5,0.003252148703084806
ck_70d69e5d1bb99e85,0.058438167498890095
ck_70e6bca473bf6902,0.009297156590560855
ck_71044c29ef071570,0.004511748942160067
ck_7109923fd7dab20a,0.024762857748167468
ck_710f867a3bd5898c,0.0019526189753879884
ck_713159c5c6a7a4d0,0.9927378851501784
ck_713649668a7ca824,0.01819723947133859
ck_7137eeb394d200f1,0.018388591182237367
ck_714c5d7cb17bc9f2,0.006402163869070685
ck_7158ad9e58769ffa,0.07721050050390434
ck_715966f86d5c913d,0.002312287666695254
ck_7176bbc97b1e42a1,0.01070524327210522
ck_7176d12b18f2cc0e,0.01296211063785481
ck_7184ad7709ae4c80,0.044355865223053584
ck_718865237134ebe8,0.002391117767664917
ck_718a8390b3d42d7d,0.010773501766859355
ck_7190177963eafdd9,0.012109577843337408
ck_719602def4d35fe0,0.01522925684836435
ck_71a0d645744302a3,0.004261450755703105
ck_71b37fe47490b4ba,0.013278202503660103
ck_71bc01291e0533a0,0.009300393643840058
ck_71c3a8e4c12c989f,0.011430717202446894
ck_71c68dfd011dbbbe,0.7817191287291311
ck_71c917295020ccc7,0.003975375770007173
ck_71db4131d7efe218,0.0033139675834044937
ck_71f382d5e338daa3,0.004066099794270603
ck_71fd8c346fde5cca,0.08976668026582334
ck_72022008a92c9386,0.009182557745277943
ck_720776a46e56dfa8,0.012644213088347777
ck_720cd658d11ea428,0.019203137775157135
ck_722ac47c8ac9b6c3,0.03993560702147814
ck_723323f6870fab59,0.055299631038565084
ck_723b4afc388113c8,0.0024471801386484805
ck_724085c3452d4693,0.29117347652882297
ck_724e459b9ece38f4,0.04261194185036426
ck_7262b4e0c29c942d,0.020380109902379553
ck_7264486eb512d84a,0.004861421262885879
ck_72771757dfb7f7a8,0.030834749952077675
ck_7297bff2b7fdcbc8,0.001330906830929075
ck_729cc0b46cc2e546,0.24824553476105782
ck_72b86e4485da2d0f,0.8658856867806105
ck_72dd0dbdf808cb00,0.040531525861333725
ck_72e550559487b919,0.0037005311920263522
ck_72e7b1acc19df820,0.003818360171857376
ck_72fdfc7e6d8e1436,0.0012127030525722134
ck_72ff52c4824072ce,0.07343644300587922
ck_730226c2d216cacc,0.0027942581196062828
ck_7310cda3bc65a73f,0.003028338271631507
ck_731869a0c39cb2fe,0.03744326254979035
ck_73188a826b5f499f,0.01720044685779076
ck_731943c682c9394e,0.006890865007501195
ck_732d45bd578dc39d,0.013475647080422717
ck_732f725747393ec8,0.014506304557142802
ck_7333cedb61506ead,0.007221037798449803
ck_7334a9ec656263b2,0.003959271558136194
ck_7336611650dcc088,0.002335790339847113
ck_733aff0f56f5b3c9,0.06810067595315164
ck_7346e4f820d9c00a,0.7962872318553942
ck_734f06bd4aa92781,0.04706865891572075
ck_7356f47dbbbe7904,0.004638511161804657
ck_735f244b99e3aa8d,0.034844545953226586
ck_7367917891a63771,0.019140580797718944
ck_7373d7b04c7799bd,0.03176018612285662
ck_73762038c7ff2f6f,0.00246914734564727
ck_7384d4d2406aabf4,0.023104877829495662
ck_73a54b56a2bf35fe,0.9074627804762042
ck_73a7794b659d7a34,0.00515548754022247
ck_73b729cb161487f2,0.004833504694331993
ck_73c18e03e3c7612e,0.0013224777338476919
ck_73c5371635aca173,0.8133317945238425
ck_73cab88b29c7845d,0.04693710420142107
ck_73d3689728270a2b,0.0009445854403488809
ck_73d3e8c6077f61e6,0.17081737492032853
ck_73d60b4630e3937a,0.0037301363613070453
ck_73de0b49709e5f8c,0.0010595195195103725
ck_73e24f5a8da289b3,0.03985713419509951
ck_73f124f075ede0fc,0.024324446952598062
ck_73f4eb09af29b1c0,0.021145181633512988
ck_740d8fe8028b5a2e,0.006324913715845034
ck_740e760fdcd27835,0.001813869153944271
ck_74112e47b8629c2a,0.08716097104257965
ck_7429b3f87528e335,0.012102401888251317
ck_742f7c28ddd019e8,0.018288518182599755
ck_7443d6dca8cd1352,0.004103239921995188
ck_744eade757ba69b5,0.061545674306754214
ck_744ffc11d32b96bc,0.005131653429724508
ck_7456df89f3792235,0.002079812350162745
ck_74665e1209140ae8,0.0070694125912503635
ck_7476e7fe1ff45545,0.022598621983769458
ck_7484c214c889fe7f,0.04556989253645343
ck_748af92828c9d288,0.0011342057224664106
ck_748b3ea941d8b3b9,0.0028556983374157367
ck_74928f5f91aa12b2,0.08146118866275569
ck_74991a9e85c3b07d,0.018388591182237367
ck_749e0e50c3907be8,0.00160865022758293
ck_74a06f347b32347f,0.056359948277722165
ck_74a4244eb1f162e4,0.0010352554592354365
ck_74b502b20690ccfe,0.004584406417209389
ck_74b848064f2ff45d,0.012202613111571827
ck_74c3c3452e4e7cce,0.002769218801020532
ck_74d0e7c2c6b63d36,0.9488490794335493
ck_74d602c907ee9119,0.003949268132045497
ck_74e5dec189761d14,0.0023432165384011956
ck_74e60495f8861156,0.04248608273886588
ck_74e9747954a46eaa,0.002309963113156429
ck_7501ebbf4e21f160,0.006553985324950136
ck_7508aa554fae6afb,0.029921992719961682
ck_7509eb97c1948b16,0.0035493542869610806
ck_7510b1023cd08531,0.0043288881123553
ck_7519260415c2998e,0.01572315963878895
ck_75217ee144b715f8,0.11251676692641367
ck_75257ca7d7da2861,0.01551754010056871
ck_75296704f5806f56,0.04731863653630819
ck_752dd3d2487f78ea,0.025929191416031717
ck_754cd7b4a5ae3f94,0.006721994055933049
ck_754f30ea19df857c,0.030792669500136753
ck_755010362a9b1bc4,0.005909558925938076
ck_7560f1891d66f294,0.003878657899757259
ck_756d2c13d02b3e09,0.01028854233370813
ck_7584e7bd755cb28a,0.013342956609888882
ck_75b69034000ca7bb,0.010868894769364982
ck_75bb521de55644c7,0.023290689782891425
ck_75d2a2715259c4d7,0.05115469576659055
ck_75f968be67f46d24,0.02810583516318241
ck_75fb7e56432ee4b2,0.010290032195026754
ck_75fcda73f0b43557,0.010475274318247478
ck_76091f357974a152,0.009666103009817694
ck_761989aa4c47d746,0.0238489940592571
ck_764d40f865e710af,0.031469554356440964
ck_765aaf42c5088545,0.059744628062887606
ck_7661d7ceaeb19f97,0.04199518056497324
ck_767947540b234add,0.05710302157258422
ck_767e0be086b5f601,0.019237153380053277
ck_7696e38b3e4197b0,0.011799014140206392
ck_76997a33c3ea5107,0.0011768073275394456
ck_76c23726cd7ca947,0.009587265395269972
ck_76d010aa02eb477a,0.003021315986974738
ck_76ea90ebc74bcdc7,0.018496793869280995
ck_76ebeb5aee42f041,0.044355865223053584
ck_76ee10d6e2dba70f,0.06349231307616396
ck_770475876d0e7e6a,0.00822287095085508
ck_771247b5bc16c12a,0.00489210596022907
ck_7717fcb100dc4b5f,0.013711786309337465
ck_7738eb085e5753d6,0.03652817030621723
ck_773efe58c6278c3c,0.044931713268988725
ck_7743c9fe037d1f9e,0.04327682216722482
ck_77549c1a41f837c3,0.030827028251903147
ck_777669e2243204f2,0.8899685735754946
ck_779491819995625d,0.06131048980630895
ck_779581adb573261f,0.004006189742795423
ck_779cc0f2de4d5488,0.24570555452881834
ck_77a40c7d2f862a32,0.010965526383494939
ck_77b2fb17c29f5e72,0.02078300090925935
ck_77b56c49cfdb1d81,0.06548597934312177
ck_77c0fb524edb4a94,0.002071665584231505
ck_77c587d24695ea15,0.045905330976341925
ck_77d9f86dcf251739,0.017861954806408675
ck_77e0589ab339ca66,0.004108920119561603
ck_77f293d44b4a3d2e,0.06810385166404764
ck_77f8c5042065d506,0.014262599792867092
ck_77fa39d3b733c226,0.11925307755465497
ck_77fce5f86f00b8f4,0.3307654128861451
ck_77fced07f6dff42b,0.03905325616745253
ck_77fdac602d0c6f95,0.03953300459780632
ck_780738e0d71e7e43,0.002690828144776975
ck_78181f8e998e442f,0.0017251297804517088
ck_781b8288e54ba8f8,0.17746930372260794
ck_7825494e654d5695,0.0072567826697465315
ck_782b0be796164335,0.0030848302526530415
ck_7831ca5c31fb3859,0.07337695782304064
ck_7836bf6def26aa87,0.007844534025482236
ck_783fe5bc20cd02db,0.042957805170368984
ck_785fa45e86bc5e95,0.019838634723202252
ck_786448fe3004cbd0,0.008333056901304434
ck_786f079389126e44,0.023989899640335637
ck_78730527f8ba1438,0.4197608593276764
ck_7878545739af0a73,0.0016513533962473818
ck_7878679065876b98,0.04665505689706353
ck_788e78065526ee19,0.0077692866863596464
ck_7890208951df34f0,0.03227299006504703
ck_78a61215675b38f0,0.00475768665018187
ck_78aa4b731cbfe251,0.022969262504593944
ck_78bc3f1d0f35ea6c,0.008247729286959998
ck_78cc5ec4940fec3b,0.012143629832903981
ck_78cd402a2a4f2e35,0.0019424154879043067
ck_78f01d78ea79642f,0.01188718475008562
ck_7905fe8e257b0449,0.22214992964383284
ck_7916e53daab36745,0.0593834426569723
ck_791be3378dd7d64c,0.018198502383476128
ck_791d5392bbd80447,0.01045178505500402
ck_79205e31223df2ad,0.11203356115593437
ck_7929284327667791,0.05907069795229693
ck_793048d11fb8b328,0.5413454962419533
ck_79323eb5d2e5efae,0.015250880183718209
ck_794ba5921cef50c9,0.027659167425253595
ck_794d8935a895e33f,0.024657905215803702
ck_7951bd4eb99a0175,0.001686738148903519
ck_79557434c129ba52,0.0031645717776995043
ck_7955a359b6448799,0.001138397413990284
ck_7956c251b85f009e,0.6986801039101989
ck_795c49f312640019,0.0007555338031312313
ck_796d3eaabc667c23,0.9962613167450173
ck_7973edc9f22ee7b6,0.03540997352107502
ck_79749eca42ff1f5f,0.019468128405805602
ck_7977135c2ff61e92,0.0058270279852347985
ck_798157bcdb9453e1,0.005571846454053289
ck_7989376f8cf64a9d,0.04526881153608045
ck_798ba4b8aa544fea,0.0028447948755692017
ck_799aaf9f2b9ef621,0.012779532163873711
ck_79b235d51718435d,0.00998882465670802
ck_79b6a86830156b5a,0.004394187138273733
ck_79b8523137bb2603,0.023436384683443744
ck_79ba8e85678d0224,0.012672580314656234
ck_79c30169c71b8033,0.8900791906334002
ck_79c7f0d29b1db1cd,0.059643117984817244
ck_79d62ef181bd0cd8,0.023057904810772044
ck_79d6793d1d0cf43c,0.0009998918452595255
ck_79da63fc100830b5,0.05077416169991409
ck_79e202f06d8dfe42,0.037051596534173864
ck_79e45040dbdd6447,0.06109608452353612
ck_79f5198f0decef20,0.003032500284961318
ck_79ffcfee599d77c7,0.01427742240590376
ck_7a02ee1bfba7353b,0.024734091144389965
ck_7a1519ad5ff45312,0.0014595554767996499
ck_7a1782cefe26a456,0.06504899312957463
ck_7a3f2961e9a8b6dc,0.005735969977808629
ck_7a43ef9c7b1c67b5,0.001420364333945122
ck_7a4e3d553e8ab5b7,0.1598724767967076
ck_7a50abd42298133b,0.03513489810501092
ck_7a52674e2806d8f5,0.03342416419759041
ck_7a58e0cc9943c39a,0.003155150113604882
ck_7a6cb27e390b6ceb,0.004934534089939425
ck_7a7bb9be5a7e48ad,0.010157246602066135
ck_7a7e40ee3f97c035,0.024166315233524357
ck_7a7f3c4fe0c9d2ca,0.002302956954013168
ck_7a86ef4e2beaec38,0.00437010300691689
ck_7a9f241d5f082567,0.002496532232658183
ck_7aa2deeda0e57412,0.9693701987618639
ck_7aa8bc018c2b003b,0.008209091603832161
ck_7ae86b5a885affc3,0.3416494504281539
ck_7af748a23775bd54,0.23966740847630366
ck_7afefa349b960a3e,0.026312649528959058
ck_7b1319a5ca2f63c6,0.9724576923167754
ck_7b1660e942436e12,0.010073178439539756
ck_7b35d218ed0c5a60,0.020523900238197876
ck_7b382e533e2e925a,0.03347433228944855
ck_7b3cc6cc3f250f39,0.04676361282520461
ck_7b45ed23304a854b,0.01206797150973395
ck_7b55d9bb1a250d4f,0.12574512401907975
ck_7b59d22cadef3b05,0.34792120791600123
ck_7b61717f172f9317,0.9594776744404468
ck_7b8cb0f90fbdc8c6,0.008040556629867282
ck_7b922518f667f76a,0.0013993631186822615
ck_7b93a622e40d8b14,0.044355865223053584
ck_7baf1e55db0dc558,0.024308599794597072
ck_7bbe1dc8add17ef0,0.022284888945949273
ck_7bc752ae7cf5d55f,0.003702420911884199
ck_7bda5b5b927b2905,0.19735052999062863
ck_7bf668e25abeeb05,0.0031438297728748885
ck_7c0fdfbb447cdc04,0.009079184140356484
ck_7c12de74de30b788,0.6411770819071554
ck_7c38ec898f0fc21d,0.004636588169561503
ck_7c3a6a82f3c3241d,0.01299008847877295
ck_7c418947124dee8f,0.10018296050802038
ck_7c4e588f927c27c8,0.02349740405470572
ck_7c4f12d70f184533,0.010031562407243028
ck_7c4f42c5397113b0,0.002386679438595867
ck_7c500e219af39486,0.0019604838076650553
ck_7c5529bcc079600b,0.014454199792446496
ck_7c560467daca735f,0.000774289860411505
ck_7c67b73196e3d0d9,0.006265197645698174
ck_7c6b577174af7a78,0.013347048957865069
ck_7c7266f6ef2a8466,0.012673376127662393
ck_7c77e597c951cdad,0.017567826810623365
ck_7c7ca54969eed187,0.12651732401732566
ck_7c872c99481c1e9e,0.021197045066443633
ck_7c88d3d377bb61bb,0.04999199019686581
ck_7cb0c9ded4d63027,0.05235074039912634
ck_7cc2e091806cfa5b,0.09731065955219399
ck_7cc5e0fa3ca5a713,0.0038116843383017712
ck_7cd0634a6e60af83,0.0031022137194251513
ck_7cd9f39c50748ed0,0.011468305624668718
ck_7cdce37d895eefb8,0.006414372127035812
ck_7cdec61e1c488798,0.062273144203788634
ck_7ce44f4e06d58111,0.06719973307565376
ck_7ce4ca91b8f9f1c1,0.021611506619503975
ck_7ce768407fd48321,0.020456242796613174
ck_7cf301d075e4e709,0.012819769520240503
ck_7cf562578c7f158a,0.002436354852437808
ck_7cffb189f4f514ec,0.9702404664651909
ck_7d025dea5951cba7,0.03851016965850471
ck_7d0fe77dd5ddb656,0.055805968075115675
ck_7d1661a34164406e,0.9632199206228007
ck_7d28da4f1dab09ee,0.028168275981852828
ck_7d3a88d1aa649708,0.8744448709327572
ck_7d51c86e0eec72ac,0.03201599377685668
ck_7d6bff85e7a694bc,0.001621265900506885
ck_7d81b59d615a6649,0.033329080415944734
ck_7d9f73dc7c4f90c3,0.0884958199598253
ck_7dadef33f5e2d94f,0.9678765834387448
ck_7db098a17374bbf8,0.9149591869632452
ck_7dbe24ba01316775,0.026990605887316388
ck_7dca4d7ee10b4eeb,0.0024623151401723022
ck_7de6997178207800,0.0016657158007686082
ck_7df3f8f4f1068d62,0.0016036329514516974
ck_7df526b2b4410bb4,0.016495409043544712
ck_7df9910af2bba21b,0.007156329040370402
ck_7dff6abe4bd644dd,0.5999470809894457
ck_7e29c10d781c3b41,0.011655659067552022
ck_7e2ae8b69ebd5675,0.007248020303085319
ck_7e2d6b22a0ae20c2,0.12735743840934383
ck_7e3923d278a5106e,0.009068315689870966
ck_7e5401c362b2216a,0.0015389353743502862
ck_7e561caa5fa1f3f1,0.022201580092215678
ck_7e5f02b51b9f78bf,0.04870531696917957
ck_7e63168dda612235,0.005637031479238025
ck_7e6569a1b2455cb0,0.0015154792818496353
ck_7e73e1d44ce82ed9,0.015880539695754405
ck_7e826e233d6ea028,0.022498774241544166
ck_7e9a8924eab779e6,0.9465882870574321
ck_7ea0bf310fc20c7b,0.8502405488588045
ck_7ea52b6f27edcb73,0.09958917604099127
ck_7eaad325abe3b50c,0.00444163679933826
ck_7eb4f33260f1dcd4,0.08264022577096294
ck_7ebc5fa7f0d3b8f2,0.029870831327683624
ck_7ec423cb56257516,0.012240066444286943
ck_7ecdee2d7127be8b,0.009150209502307136
ck_7eebd0e6ad6c070e,0.014344363695509461
ck_7ef019ed77276496,0.0025958789611703077
ck_7ef666d67bc70223,0.03817886572137131
ck_7f08078908599bd2,0.016187892690006568
ck_7f0c4f609673ef62,0.011468305624668718
ck_7f0cd6ea3096f985,0.0018386519956498529
ck_7f15503048915d6f,0.00782741046345669
ck_7f15b50b29dead01,0.0032703679642344433
ck_7f188aaa63d1d442,0.009382541688841013
ck_7f1c20319eb60aa6,0.9948413662939924
ck_7f3132d6be389657,0.09794657982469657
ck_7f3685aa2933b251,0.048770299213325916
ck_7f6fa79c7a107161,0.008531142179651242
ck_7f780f465c29398e,0.017215879727758825
ck_7f79878197340435,0.014641734398528132
ck_7f8e816ca51755e3,0.3449678549020568
ck_7f8f864fcc90ca82,0.06663831886082319
ck_7f960541e5174565,0.00194378610750017
ck_7f9a748110d70005,0.005099623445079028
ck_7fa947a0b1c1cf74,0.13774710881913957
ck_7fbb709a0fe95759,0.0012326699893527098
ck_7fc513033af061af,0.06014967368807738
ck_7fc9a0776e1339e3,0.011070301030046118
ck_7fd8b1470401695f,0.7194185523099929
ck_8007824431fa803b,0.005115032571388684
ck_8026e017909aaa6c,0.002608583412167757
ck_803c0b4cf9d4bc1d,0.022679208217785088
ck_8049f5fce32be185,0.8170057134055364
ck_804c5a1fa5753617,0.0030885319076608044
ck_8053f1879a9b4e43,0.002672134314937505
ck_805ee564bd35ef15,0.04670637392870817
ck_8089fe7403c5f537,0.010007649288983064
ck_80a64a7f0275a71d,0.012517271412990682
ck_80ad4396e1084c68,0.02243051292739588
ck_80b04344c98ec072,0.17758240039381995
ck_80b072b7f3c7e8e5,0.023876762725889334
ck_80b50fad7f255e1d,0.004545908572956697
ck_80b8fca67a14e0be,0.3657213810786951
ck_80c0a7f54ff4895d,0.009108540826609647
ck_80c4e9274cf976b6,0.985366701959855
ck_80dfa54b30f65fff,0.7317414991561343
ck_80e3041811033443,0.024221651178080266
ck_80e5ea27848069fe,0.01823020936848608
ck_80eb91b0b4001084,0.07167521450193044
ck_8105bcf69a75ee47,0.015666941795066777
ck_81275d9d4c559e6f,0.012198202486020777
ck_8129e81cde280131,0.005794346451425236
ck_812cb3a4482cc618,0.01485734918229185
ck_81307759252571be,0.008008814087448864
ck_813e02e1ababd177,0.022381015618759544
ck_81429c4910ca46cd,0.004108380290772663
ck_8153cdadd300d234,0.0036777513799487235
ck_81709736281fa3eb,0.003360200096774367
ck_8171ef803f5ff604,0.021708118039263556
ck_8176616132458c0f,0.01951792877383038
ck_817926b449754917,0.014073065378489917
ck_81793387b38047cc,0.0021434140942446986
ck_81818169208a8cda,0.0220030897813676
ck_819988d8a7f26415,0.008858488505731427
ck_819b482bca14c068,0.18371727254308645
ck_819bf3e8231f4081,0.0613499390071389
ck_81a960fddf79ecf1,0.8499726160386851
ck_81e21354e477eceb,0.03165250184600091
ck_820219bb9c761b52,0.5742918220355534
ck_821446adc95e6da5,0.008978308801905484
ck_82181b935360dcbc,0.9706034163541125
ck_8220da627e9992a5,0.0073322545070282595
ck_822d6e8e43befc72,0.6367447480138468
ck_823539d936c55fc6,0.0011748239779708048
ck_8247b79ac67aae7d,0.021030409322335263
ck_8247f008a14bd1a2,0.0012221008647539777
ck_8250eddc1ecb07a0,0.0242041746971716
ck_826a27ff7555192e,0.05077736509049176
ck_826ee896c9f1144d,0.02390661653623568
ck_8285bd3c90af94f6,0.004910456889385809
ck_8288f7f226e08b89,0.00976471977282542
ck_828eef2334e17b3a,0.013002847357130342
ck_829cbf5ccda481ae,0.011319040947037883
ck_82a8bdd2692c2a5e,0.0012799789267121612
ck_82b5b79ce3517102,0.7479166823456502
ck_82eed68d05a42128,0.03432211149363497
ck_82f07504ab59ed33,0.1899970474193359
ck_82f360df1e9f4eb8,0.04519931895675526
ck_82f3f744209888ac,0.03155367813834491
ck_830b2c5d1818ac07,0.03619803626087252
ck_8311cb6755b2016c,0.0037033498079578073
ck_8312c49b1431a406,0.007912140647976343
ck_832341c98254bd84,0.0224081407511425
ck_832d39c590a3ca75,0.8115861969886478
ck_833688de8629c5c0,0.001646439634450796
ck_833a65b86a5d9bda,0.0007989134802260324
ck_8342e08cc2f9bcb7,0.008879133086411778
ck_8347455ab53ff620,0.011011335543209915
ck_834ca727df855f07,0.0418036590725906
ck_837be8126bb19250,0.004914130614082076
ck_837cc7fd48453a01,0.006309789351066429
ck_838c52cc1d315ec3,0.04486223170449501
ck_8395f004cf4d4c08,0.002456645602206716
ck_8398adeaf41f9cae,0.027590645971011362
ck_839bf139296b5cea,0.008701346117031786
ck_839ce35819bfa4fc,0.0007590200425152075
ck_83a69c4a5d55ef19,0.025777589728952444
ck_83b2b192f41ee2bc,0.0524630100590908
ck_83c2c34add971d76,0.0073647388399639135
ck_83dde7da2bf647ac,0.0018847856570514284
ck_83e5979334345622,0.05474068932389204
ck_84092e23d5ef4d51,0.10325701857934595
ck_8409716d174635b6,0.0019513187712943264
ck_841f598bbd54c83f,0.039871311494686874
ck_8424bf65223a5a9e,0.007691753146476904
ck_8432ccec1a4ec7fd,0.9950738698433147
ck_8440ef1386c07194,0.005223784171834321
ck_8449a28f7d475d93,0.07851910519880567
ck_8452b6cf97c65a5e,0.014282687228517686
ck_84569a8fc50e73ac,0.01975587830236683
ck_84ad096a46e1a960,0.0097750388243242
ck_84c402b23766e1f2,0.02150426557620432
ck_84d07028b5fca2f6,0.017047058514732552
ck_84d62b8196da2452,0.022088582209398515
ck_84df6770549e43fa,0.00394543809640076
ck_850e2b59bc535490,0.011334743517923108
ck_850ec97a5a0dab9a,0.004074238624407827
ck_852c50bbba1ead13,0.03247040481032957
ck_8530158e3d7f59e7,0.0037033498079578073
ck_8550f229b5eb03ab,0.005433111877026624
ck_8563fed6674afc77,0.017926524508400647
ck_856ea65fa27d06dd,0.018232576496810808
ck_8572c5f5c1447c62,0.029972538357410344
ck_857a1f5547b9ad68,0.01582977841496506
ck_8582490d6e365a63,0.021527063460693052
ck_8584fea2df4c6317,0.044355865223053584
ck_8594f165e95316d2,0.001148153812969401
ck_85bf21aa1a00452f,0.0027299290957576014
ck_85ca825f905a34a1,0.01991457014588947
ck_85cb5033fca7c846,0.030075872372701547
ck_85de63d278f0fbae,0.0022995504797007184
ck_85df7b7de9700aba,0.0014621356633943705
ck_85e5494ec20383ae,0.032730631825630144
ck_861af5a9a9a6d619,0.009622321824842019
ck_861d8e3d88f1079e,0.020773662241354254
ck_862c7953bdea48b0,0.0210835563199617
ck_863708a99b92ef0d,0.01819360285893517
ck_863db2e394dc47d1,0.9759480093204989
ck_8642e3b6d84f49d3,0.027851953535631618
ck_864a11202e19e812,0.17946743482690236
ck_869b1878d09d230d,0.15057907368751985
ck_86a2d852a9715432,0.006200015933059125
ck_86a61d9a39768e87,0.03187236964637908
ck_86b853c52f20fef5,0.0377126452912941
ck_86bfe328e0a533b9,0.6535104168250082
ck_86d7127391d4e01f,0.0012240659053668107
ck_8703543bf3134306,0.014837674483275647
ck_87110d84872c0fed,0.00901052247582761
ck_8716cbf892c50e29,0.008697761569232576
ck_873ceb8004d3a9f7,0.019371988438338563
ck_8740a14d8096c6e1,0.014223236636977681
ck_8742114f4f0cb22c,0.211702146663469
ck_874eca6776b34dec,0.002651700349652671
ck_8758fc6622bbb7df,0.012947566051863934
ck_87771861e0447210,0.17648495698357855
ck_8777beb11aabd66d,0.01861274283534561
ck_877c85bad118bc62,0.05920649014215627
ck_87809324c2675b0a,0.0243288137338782
ck_878522cb775b904c,0.06620100750129804
ck_879cc3166fe1bada,0.002601755098698173
ck_87abe9cd066a20fb,0.06358402106045091
ck_87c1d0a79e79c84b,0.00826975682891843
ck_87c26b2f41025109,0.9882474163955757
ck_87cce4126e215153,0.0077529238840053855
ck_87cf36a03bd63c24,0.12795722043729785
ck_87d55ca333f22072,0.0018656626904748992
ck_87d70f5fe48a6128,0.04000547148547624
ck_87dc484baaf5a23a,0.001092223204233196
ck_87eb43e3b9d96169,0.0627430642898613
ck_87f82b2b5fee757a,0.05876413299807107
ck_884168153c9c0c81,0.0018231981439757296
ck_884b2e463ff1d54f,0.0034062842115084317
ck_885a83975cea5e64,0.0015872063504537186
ck_885cf685a9541190,0.5925262792950431
ck_88774ae52e30e877,0.024227330847725548
ck_888651bfc2c8cf70,0.039333008422424744
ck_88a8b1d442ca3686,0.012266483355693315
ck_88ab6d245228c38e,0.001122273216323549
ck_88cd35378075c84f,0.005428842088373911
ck_88d9244a9cf7a77e,0.71028928718782
ck_88e3dd3039508332,0.02132809832750107
ck_88ec57a11b11f702,0.9694960147240809
ck_88ef9f85948e1a01,0.0019344923134962078
ck_88f27ab479063852,0.1464531227531034
ck_891530b489ce402b,0.0012962180788405704
ck_89184bf7b7fe41cd,0.3127272387876497
ck_891eaedae139828e,0.01075052154422923
ck_8929d2eb09872052,0.14614734895246592
ck_893b8afbe11301e1,0.004548237765308536
ck_8955d7b9030d5eb5,0.007416524437123688
ck_895bb39d24bc1c4c,0.003237598152973718
ck_896096cb167254ef,0.024086460305391945
ck_89790ff26c844bc6,0.0034000399025759316
ck_8982888dd6611143,0.001857683976468121
ck_899f88464305824a,0.012243814363978894
ck_89a1a780144d808b,0.01875644551147622
ck_89c74feeaffa7d09,0.003003239015005082
ck_89c8b06aa8c84b2d,0.05325199218818011
ck_89d7bfc81c3df597,0.006203876644850698
ck_89f3e380b0686963,0.0059344740353425626
ck_8a16eb584093b12f,0.002844581240406701
ck_8a4952de8a123ef8,0.006935242704313942
ck_8a5a57858e8c77f3,0.13167944175601667
ck_8a6ea4a79b1c7a8e,0.023967065756316866
ck_8a8f81bf3558fd9c,0.0021882596021028274
ck_8aa8b9968233a1ab,0.00865885871356866
ck_8abd1a50a9227463,0.08091174637746856
ck_8adb40b168b59d7c,0.031639178503492266
ck_8ae64df60ab6ccda,0.0168806875160655
ck_8aec3d3dd51517c2,0.001997648532278421
ck_8afc1112c12f5402,0.008829373732906992
ck_8b19bb5b23b6741c,0.004778104045435006
ck_8b24eadf6c72b30c,0.7670629816319852
ck_8b3401b44aaae728,0.0016441228183726026
ck_8b39d8aacfdd72b4,0.004162843914481531
ck_8b3b874249adece9,0.018263484139765973
ck_8b5b5a6b5539e39b,0.7216279222751806
ck_8b772caed8f1541c,0.006216713493484826
ck_8b8b9de339d75d0b,0.011954555455066065
ck_8bb6b0a292754576,0.05870642762118695
ck_8bb9e75393954a1f,0.005074585780474892
ck_8bbb625384edebd7,0.0008259744868934569
ck_8beae3d7328fa41a,0.042602156875232666
ck_8bedacc6233c6269,0.019010801103011923
ck_8bf46e472f3e20de,0.24522228160471118
ck_8c0210322733c718,0.013719282439019508
ck_8c0955dad13c3ca1,0.017943614760813437
ck_8c136dc691e65695,0.0005355369801449622
ck_8c346eeefa9ce692,0.025593611394993512
ck_8c582eb0f6c0148c,0.02678744122128275
ck_8c5b29f6666d4874,0.044355865223053584
ck_8c6f059c95872126,0.0035070381766228345
ck_8c748aaa4a4554f9,0.023640925299517907
ck_8c84fcde93a04334,0.07967888410605849
ck_8c8c98cc694ac900,0.012520520602904314
ck_8c949bdc6e8720fa,0.17123304927509847
ck_8c95aeec6a4c75b0,0.002925489081531483
ck_8c9b57ad2a991416,0.0027734239744099426
ck_8ca808cc5a49cb5c,0.005904025872267074
ck_8cb20053914692d0,0.058896246466406205
ck_8cd1b68dd74b1375,0.4296265864296813
ck_8cd274cc85aa35d1,0.07249424447257227
ck_8ce9c5807acbef48,0.008108728973098726
ck_8d0532d24f1070d1,0.0010084394299799343
ck_8d0cd981ed3a183a,0.023871619280484944
ck_8d27ff8383d48132,0.0021256147804258893
ck_8d2afe17c0082e6a,0.022496725010060864
ck_8d2f62930777416b,0.02631168688391679
ck_8d38747058d0aeea,0.5708581596849861
ck_8d501a0386c66be8,0.20840419319842884
ck_8d5eda29a2cffa3c,0.004332357992357651
ck_8d5fa65717d2e0c6,0.004497712440545591
ck_8d8226520722af78,0.19538242137743156
ck_8d84d771a21942a7,0.002609740651777605
ck_8d87658a6f5d204c,0.872159416956964
ck_8d94fbb4828ef326,0.0025055455649998118
ck_8d9518f64b222416,0.004727042801658837
ck_8da980cb2e1e2bfb,0.022728199517630943
ck_8dacf3a2061ca17d,0.03609501035338172
ck_8dbaaa00ad829ca9,0.01797250969232852
ck_8dbf61df902a6bbc,0.0016872255161484507
ck_8dd44eead7d765a5,0.03863663358177915
ck_8ddaf745bbb9cd62,0.000996447861066214
ck_8dde670a735d1e90,0.1781876585409247
ck_8de38f8c7f91961f,0.08231334646049027
ck_8de69cd219d3b87f,0.17362948574291917
ck_8def763034187436,0.0070333246443827204
ck_8e039b23acaaac00,0.007522618381045755
ck_8e139f8925ef7968,0.006265040730103695
ck_8e16a64a776afa82,0.0303649732830821
ck_8e2b2251ee224aa4,0.022120419564842713
ck_8e54386f4fe22cad,0.008375926780734367
ck_8e5999c436cf037e,0.001800090132359146
ck_8e7a32f7e3905f4e,0.03164092052097833
ck_8e89ca8b39f3f8ad,0.0020825365115330367
ck_8e9faf94e3e6c757,0.0020307071863446425
ck_8eaf9509ad9462a0,0.0021619140343921645
ck_8ec86e853ad52828,0.04954087238186466
ck_8ee08f6777cc155b,0.012056505752140317
ck_8ef1d05cc1e53e7e,0.015992681301597145
ck_8ef97b55a5fd6ec9,0.0013761715019409643
ck_8f1cbc432e2774f8,0.037023157487806796
ck_8f21f2690c32c691,0.021134170385165733
ck_8f346b72fb40bf14,0.013571981080550107
ck_8f35d229b62c8f23,0.004172812354409657
ck_8f3ccbd20d59f1f4,0.022235314596477273
ck_8f43459991ea511f,0.021404173922545712
ck_8f4b384955bf57c9,0.005410345645664232
ck_8f59f11b512d5b7c,0.041996779495878066
ck_8f604fa70fc3c8e3,0.0051466948997089795
ck_8f6ca5d3b17eac6e,0.0016962381611523513
ck_8f6cce9f69912983,0.02377887666198042
ck_8f6ce158c2902877,0.002820762748490075
ck_8f8e4fb9c6190272,0.0064068980211918185
ck_8f8e5e2b9dfec3d1,0.041791678386715235
ck_8fc641b1750a2542,0.07494106047547959
ck_8fd4937eadd64fb6,0.005383719564094149
ck_8fd91a3c99e19097,0.011037935083327266
ck_8fea7d915259f1be,0.00246677985865401
ck_8ff1e6028e764472,0.9468945141988282
ck_8ff7a9b23a55fd62,0.006688970450012057
ck_900d62b3184378c7,0.003552586928545916
ck_90114c891239d821,0.016846905941871958
ck_901d820e0b72abae,0.003929235955965291
ck_9036b2e5e9298a34,0.0035427833305082747
ck_9040edd974ef8e3f,0.13878075203236848
ck_90456160115f9ef4,0.003624935238351947
ck_90489c405e6886d8,0.008892154247867273
ck_905e460591d9a278,0.2206453011498347
ck_9060f4e7ab7a1b0c,0.1705243753014439
ck_90696b7182dd9129,0.011344949718574764
ck_9075432001a64e75,0.0220980177367843
ck_9083ca9fec2a7f4c,0.013838575101637397
ck_908b663b2dda94ad,0.00980018679104615
ck_90b4ac695b9c6bf7,0.0023990818992912035
ck_90bc176c43d85fd5,0.3460296424691815
ck_90bf017cdd37b66e,0.02649252512365152
ck_90eeca1cda79fd41,0.0018367320823279723
ck_90f3655f0c8a0074,0.003361183973139044
ck_90f6f5ced708aa75,0.001296613750055767
ck_910205d25388a0ae,0.0016585090144618981
ck_91081be0254878a5,0.0028772311955642432
ck_9111e3a04b14dfba,0.0166727434966797
ck_9129c92c12e0c8b4,0.0013245169278514107
ck_913ecdeeb8e21a9c,0.0035472855633287034
ck_9158bdbb63ee8987,0.01775393152903594
ck_916784595f028226,0.2582187223235303
ck_91742711dfdffd56,0.06451685555348563
ck_917d82c552f95a23,0.028194885027307794
ck_918c92182b6817cd,0.020268374419521024
ck_9191579254663f5d,0.008415938286264026
ck_91955aab3424ad16,0.0019870802243638556
ck_91a0ca45f429568d,0.009856394599951853
ck_91a16336ce3217dc,0.020072639370198396
ck_91c2a5fe69b9b1d1,0.0045390749309939995
ck_91d417507a8c58cb,0.12912642230707252
ck_91d48d69e4f5d9c2,0.007300525213148066
ck_91fa5032f7aff0f1,0.04251484274880246
ck_920a48ba8c583e96,0.0037033498079578073
ck_920bb003b42e6310,0.003191877904246593
ck_921ff5ceaf40a968,0.03810631504756156
ck_923d6a0f83accef1,0.018012095472644513
ck_924e572517515f19,0.14596585966079856
ck_926b81c0ba528eee,0.022773087581950537
ck_929bcae878a3ecb3,0.6937051363644651
ck_92d679d6ac7dcdcb,0.26265711105852413
ck_92d782bd9ce0d1e3,0.01663305383926843
ck_92de019e05971ce3,0.06626623578550545
ck_92e474e4368c4791,0.025276827545131844
ck_92f6ebc11ebca89b,0.020144023945007593
ck_931510e384b1d0cb,0.00803109986812908
ck_9323e6fc1e168eda,0.8541832562992564
ck_9332bbc7125219a7,0.008098225160397588
ck_933789b55361d7c1,0.8421321154302426
ck_9341c7959543c542,0.001288094161687303
ck_93470896f0804b6b,0.9663782100237965
ck_934fb5064b6eefe2,0.0006781628654633149
ck_9371c700d9830326,0.03617957666125771
ck_937402a60df0821c,0.0017807897424883252
ck_93776b0c113f41f0,0.029782541396991855
ck_937f0da2306b2eb9,0.0022302034777829894
ck_9385f5a1eeebefcd,0.044355865223053584
ck_93892e91387f5103,0.0680487683789511
ck_938ce30c864bc7df,0.0022090296567383776
ck_939fede90473e412,0.004108380290772663
ck_93c0cb3dac4891fe,0.043844916704766396
ck_93c4e05699b3b7d0,0.006642620218960247
ck_93cc12703b500613,0.03347433228944855
ck_93e0d6befb67f7a1,0.017364640434802268
ck_9401f9e11f65337d,0.016685167135210913
ck_94295287a04c85d2,0.463607402325297
ck_942b95988a6245a6,0.1375372963710476
ck_942dbf632591b65d,0.02864988506511082
ck_9439bff87e616d4a,0.003548969190127527
ck_943f66f28dd24750,0.003917037986292753
ck_9440335375701f44,0.026204529546209273
ck_94410eedfca91304,0.030040100900764085
ck_9441d48a12e8a4bf,0.0788651776486072
ck_946afc2943298d26,0.003753008799860006
ck_9473ea4a01c95f9a,0.03950369261691859
ck_9478dfe4114c30f6,0.028350255331880528
ck_948517bad569b40f,0.07655047836360994
ck_94940d783e7988e6,0.00401822304131573
ck_949f08f8e80e93ea,0.003346968443793732
ck_94a096c36162a153,0.015006906420878813
ck_94b59bbc824b307a,0.002290574798616963
ck_94b90ab8b2dfb50f,0.044355865223053584
ck_94c9a4d382689e82,0.010914246131270674
ck_94d5ce61a0c50465,0.013941597757529374
ck_94e8142728e44380,0.016436140295866618
ck_94f4266ee7871345,0.012022107484572445
ck_94fff69584dd3b2a,0.02174495491063467
ck_95188150ff059c70,0.18545587813034642
ck_9527adac182abe57,0.4513054632136493
ck_9528e1d6b1707870,0.023666120034729985
ck_952da7ca9f33decb,0.024594475292981283
ck_95391029a21caa24,0.029609857516978803
ck_953bd5de48ccd70f,0.8815862649751819
ck_95458880a54df0b1,0.17308342323753836
ck_95654593cdebd141,0.001603918671499384
ck_956b5af6d7d86c65,0.7702130112944584
ck_956dd784525f5886,0.00469727317265345
ck_95790440bc4bd2d0,0.009885783599432204
ck_957fb25437c75e41,0.05073408825385224
ck_958acf84c6137a22,0.02528782710454143
ck_958c0bd61820147f,0.08408465002784496
ck_95945f48453ca532,0.02376005089818715
ck_95aff1fe27fb24bb,0.020152335712646827
ck_95b48972061abe82,0.004212856717827593
ck_95b894380ad2702a,0.01844892992902042
ck_95e444a01e2ab4a5,0.054993004766787236
ck_95e4bef65c36af1a,0.004480575605023728
ck_95fdc264eac72fa0,0.002939790328382204
ck_95ffa1a805a1c9d1,0.0009479638478443769
ck_96100d5e8e051e91,0.0014871608756548123
ck_961ddb8ff55d868e,0.0024540692322585758
ck_961e7dbc217cfbbc,0.0032297324663940435
ck_96247fee0eb44420,0.0015316854330766278
ck_9625a64406ea16e3,0.0016135996921012713
ck_962c3bbf27cd4b80,0.0651698656756627
ck_962e65ab33b5c311,0.8279678326918756
ck_963762210edc5694,0.03069817812858274
ck_9645e7adc08631b5,0.042007014306200276
ck_9652283c9f61fcec,0.0010701315634958845
ck_9658a6ef471053f0,0.025150234313531347
ck_966901ea9c77cc02,0.020630208953485916
ck_966a167758fddfd4,0.03391698793387346
ck_966d4d713cbc7792,0.0010677649575252161
ck_96810ad39d4cb7b0,0.025196512815400862
ck_968a99e097ee78c9,0.05835660012767591
ck_9693b1eb70880205,0.016229428097482092
ck_96953b8945b7d403,0.009689227012506069
ck_96a89e720176b389,0.04058305110624023
ck_96a9221a87be93c3,0.05441210771231557
ck_96c3a3517153390e,0.011002229042731234
ck_96c7d52ba0a766ef,0.05767125211873487
ck_96dff7a09d45f116,0.05652319106133943
ck_96e4d38ef670eaff,0.0262980251526338
ck_96fb9bf556842bbc,0.01363782534713999
ck_9700a00ff9e66216,0.022187981460530515
ck_9704c5cf8659cedc,0.01688376062583964
ck_970c7dc195161272,0.002603975001582663
ck_9720a472a3e0140c,0.0040923004038818595
ck_9724718fe64c6557,0.9722608691225603
ck_97402a153348e68f,0.020031691805176863
ck_9741a82faf5c7889,0.027277474073596594
ck_9757163e25262b74,0.011756335443213257
ck_975c2aa3d4a8c51a,0.013052783482776574
ck_976fac1bb3dd8c58,0.023311811830002187
ck_9776cd8263a9f415,0.004394736969631952
ck_9782c86ba6485f88,0.0027873521418553832
ck_978c21bb5fe3171e,0.045187646204154754
ck_9790138467a06223,0.0011815738614980311
ck_97a8dac48dd62488,0.1987286525943829
ck_97b8e05d62abdc14,0.08616741309701192
ck_97c38e7f61c27e47,0.024597499588971075
ck_97d04a67a104af39,0.030060945801791614
ck_97d4bd922996fa10,0.002118042920742474
ck_97e3b04a1350f6e4,0.07270174995263379
ck_97e56e6037024dff,0.004735549896246386
ck_97e94708bcf43563,0.023349323931196455
ck_97e980463aca4644,0.005704259128817416
ck_97ffae702f7c3d08,0.0037853496659710417
ck_9800c21dfbd8e811,0.011292206020175163
ck_98068c397d70dd3a,0.07218554214769976
ck_98149ed45d38c4d3,0.0436638182571381
ck_98217aeafa0bfefd,0.044355865223053584
ck_9822f8ed05335741,0.002842784818238921
ck_982b0bf2e2b6c4f7,0.0028927261867290476
ck_982c2392238b7be3,0.19035559002292274
ck_982ebb24174a4ade,0.007859717349750106
ck_9843d0e61c37ebe8,0.9962629380953796
ck_984dd7452aee372d,0.03890012385291727
ck_985c9ca112000e9a,0.026573893003535402
ck_9863bff41d24ce9b,0.008459613401445444
ck_986e4e61440506d0,0.02155583829514124
ck_9874ad160efddf50,0.022650684748768215
ck_9880410fcd10a28e,0.0008851335335616045
ck_98831b57c7ca2e4f,0.0016772201862287782
ck_98b34f2d704c1c2a,0.020237751829953625
ck_98d2f9a6ba3a3077,0.7978271129706405
ck_98e1992ac8e7d2de,0.067113531284355
ck_98e337806104dd88,0.0015729745567582473
ck_99021fe7225b5a68,0.01903057374345005
ck_9915ceedf63a5289,0.1519527775226716
ck_991b7dfd69098320,0.0018750629162643513
ck_991c4c924a1d85ff,0.3359982302592004
ck_9929723f65636c7f,0.9819090993004568
ck_9937dad93a0ed3c1,0.005178404761316761
ck_993beb188dd4abb6,0.009894125921072219
ck_994316fa5a02b319,0.0020548864961380726
ck_9947a323bab5cacd,0.09302375995536093
ck_9949f53c155b8dde,0.004223674510839554
ck_9951bd806c13c7fd,0.01755412078415723
ck_9958b58da9e3c21c,0.011629932220990812
ck_998475a2e4dfad4e,0.0032976540054585647
ck_9986c7d781ac6b4e,0.012525580882152353
ck_9994323f97109f4b,0.9790367081841208
ck_99a4e5ef02d89493,0.03236935511202285
ck_99a92d710a29c1d0,0.016777255934475727
ck_99b4f266b61ae7ee,0.016409969421206934
ck_99c0004d8b7079f8,0.006910726490132265
ck_99c0a41ac9c73857,0.0011958620698290414
ck_99d3983f907828bf,0.002386700958606891
ck_99e52c3c2530b69e,0.9816215168705514
ck_99ee90946395d74d,0.542829560591137
ck_9a0b605e9c3220c4,0.034787396870292496
ck_9a15fdefc47e8d11,0.001541359092843872
ck_9a1e3ec9a1839939,0.023309915055577213
ck_9a21d183524734aa,0.04872867623321114
ck_9a2fcccb82da663e,0.040526483465783594
ck_9a36916b60178ded,0.813261726057416
ck_9a43c0c73a39d759,0.04152495554113224
ck_9a4967cdf49265cd,0.24672551450562383
ck_9a56739d81f84a53,0.0026358168243501637
ck_9a65fcfc7916f93f,0.0012533838104345617
ck_9a66cb13a9884cc2,0.022682786188433956
ck_9a6a1f8102febfca,0.016567027368719373
ck_9a84b396aada3fa8,0.1983837804160687
ck_9a881d5433126ada,0.0030150439743416944
ck_9a88a5a989cb5bc6,0.014836172395051386
ck_9a930faade55b8ea,0.002835534946666766
ck_9a9e3dac79280d7f,0.18131372915784433
ck_9aa45c4e03c8c57a,0.022568687830310817
ck_9aa899a5230b0963,0.03376300570006124
ck_9aafc33fba1474cb,0.005268988149696228
ck_9ab42875a0f95b43,0.04983928488231833
ck_9acd98f4fe2d474e,0.21773273356842968
ck_9ad08fcc183ea1e7,0.0052571913660231576
ck_9ae904fbef56065c,0.006996877615020896
ck_9afc3bb849f3a64d,0.022062810068086785
ck_9affb0f26776b642,0.0025540304649844274
ck_9b12fb56529ebc4e,0.008298513798055084
ck_9b1c3742dd6fcb8b,0.028335347238757073
ck_9b2b0e286de78a1b,0.00956068752229477
ck_9b436162039a77d0,0.07587459187849109
ck_9b552204498b6762,0.032258783871944786
ck_9b5e7fe28208f5d1,0.0041828474328369815
ck_9b5ec0f78e160e65,0.0016191366615525918
ck_9b6282e3bad50710,0.08045006456513018
ck_9b665ef46d785324,0.01949227311303872
ck_9b6ee35e8cd0b11c,0.00421962533907771
ck_9b71274ff83de482,0.9826170059293421
ck_9b7167da0920c37b,0.04705388433739009
ck_9b9ce7bebc235fe8,0.001423989303756739
ck_9b9d9e579e7b55b2,0.030300987631251428
ck_9be551300209fa83,0.020516610866992455
ck_9bedf54df9418e4a,0.010004519928789866
ck_9bf0d28119fc42c8,0.0084748433041174
ck_9bf3ce30b65f75c7,0.05195148114571863
ck_9bf95f8c47e7c7b4,0.008379796949202354
ck_9c0deab8a8367c5e,0.0014631884901201214
ck_9c3aa9f23d01fa1c,0.0038212446448419547
ck_9c46711b14d9eebc,0.0019005790103374758
ck_9c4886c5c90ddbdc,0.003819544762117104
ck_9c56114f84e9a541,0.011468305624668718
ck_9c5feef7647b0588,0.00839922145402404
ck_9c60ae6958d68dbd,0.2225850409005208
ck_9c9287cb28950eb6,0.008763844995881955
ck_9c9884b9bcaa552e,0.12011967435337327
ck_9c9e8a38bd5a6c88,0.034113558718821824
ck_9cb89cc3178e0172,0.009333191431422864
ck_9cbd9ecf8374f65f,0.007855399781049847
ck_9cbef9bc95449dca,0.0040540132881667825
ck_9ccb17c35e636c5e,0.006165317119994934
ck_9ccc030ba2de9fb2,0.01832960823116679
ck_9cde4036d0914427,0.0236204596612037
ck_9cdfaa1c30cc9d32,0.002529397494141096
ck_9ce743dd3e92549c,0.01395904123732949
ck_9cf44eb0237c2429,0.003603220102604829
ck_9cf5e88e97c8c7ea,0.025849929610210876
ck_9d00823bf60388d7,0.04739085894571525
ck_9d1a5cf5a3b87e48,0.014091401840125422
ck_9d4b5e6b43bad4d8,0.003939475139161968
ck_9d4fed252718f58a,0.007441760501114264
ck_9d5049e195eda029,0.047513503980154206
ck_9d64187c0800f84e,0.008466583368672674
ck_9d7151dbdf100e0e,0.019908554462386638
ck_9d7b9e3ff1f3e71e,0.01916438110564062
ck_9d8e9ef37797d3af,0.7041479524202708
ck_9da82e567074da9d,0.29837157860650876
ck_9dbe184e81c1ca8d,0.058868173848149456
ck_9dc23031b6b494af,0.044355865223053584
ck_9dd7daacb7833233,0.08242851022895575
ck_9dde2c63acda3ba3,0.015498054472369144
ck_9de191bf79afd676,0.011487047377825714
ck_9df7e153868bca13,0.002802364180742966
ck_9dfaca4c7c80b10d,0.09722034612479888
ck_9dfb2ae78659240a,0.03214891025905233
ck_9e0383e1fb6e214d,0.02182041143286535
ck_9e109edd124492a5,0.0015521968322222469
ck_9e17699baa83d173,0.0016543222554361785
ck_9e21ea33018ce538,0.009322224942910127
ck_9e298cae167f4693,0.012380825831088862
ck_9e35b908fca1e4d7,0.0014681933871799773
ck_9e3896c2668ce06b,0.010291645039340555
ck_9e3fbd04e3532f32,0.16590351405774434
ck_9e5b7acf51b1b743,0.06248254383330078
ck_9e65a8a2f587691a,0.023566316893853512
ck_9e665618a4860306,0.0016428739489965153
ck_9e7278fc7679f002,0.045302427924655685
ck_9e75c6641939f4fc,0.2162482663164229
ck_9e962f9bb0e7bac2,0.004488873227930542
ck_9e9a830785112a73,0.022182406627515257
ck_9ea3d5a5a91fef9f,0.161728868854036
ck_9ea5872f14cce338,0.022196833239039867
ck_9eb08369e983abfa,0.0010463236813699594
ck_9eb1da8cd35a50ce,0.011629039364970787
ck_9eb5b3f5f672c2b1,0.000769746145878898
ck_9eb80edfa43203de,0.017367853655813913
ck_9ec7f334604a228f,0.02490247856228304
ck_9ed53de6ef779ae0,0.002086717998092709
ck_9ede51c8434cff6e,0.01992320778764351
ck_9ede89e8a43c3f53,0.03680071474603388
ck_9ee044b73943a90b,0.007996817639174206
ck_9eea37d2de633b27,0.0026947316213686546
ck_9f3861940d8d873c,0.22326526532363164
ck_9f50920c894f64e1,0.021557415525747897
ck_9f5f81d771146aa1,0.0013913330312573054
ck_9f7807ed64cdb728,0.23874226818863722
ck_9f792e7e721ff7f1,0.0030212121340157964
ck_9f83fa5a2d3b9049,0.014860072254922235
ck_9f85fea4490c00cf,0.023622373733818477
ck_9f9555197480d1cd,0.006880665073454691
ck_9fb11688dcfe1513,0.0030942758265677787
ck_9fb8e3d38cdf276d,0.7707266595221883
ck_9fba80f56f357fe1,0.019074638549349755
ck_9fcde1ff46cbbea5,0.001149709658752636
ck_9fd0be2c018ff5e4,0.003271540641390456
ck_9fe9bdce982b312c,0.013566757413747927
ck_a019151ca8e7527a,0.044089728873911715
ck_a0255ab46e122d2f,0.0015996758861082628
ck_a02aeec1914c158a,0.02017210381401858
ck_a032e8ac1507c6df,0.39543784155834216
ck_a037aff5f8128c73,0.007574030728010683
ck_a04403073c90ce38,0.0008829914313675343
ck_a045a19369016818,0.9943716888984826
ck_a0498755cd8d7188,0.0005531606298253665
ck_a0543e9b3abe1001,0.15311395192629007
ck_a059d00cee5cee99,0.0031803658527496535
ck_a0714f98001efa0c,0.027291745690222382
ck_a07e7409d6d5aa06,0.020051152787703468
ck_a08f8dfadbdca112,0.0024439343512902877
ck_a0b4209feb31f5c0,0.9928219468846695
ck_a0c3059a959ba5d1,0.05155938553509525
ck_a0dab7aa9c4a39a9,0.003955059240130384
ck_a0db4ccca08030c3,0.7665086168496426
ck_a0e3a2facd508e49,0.03713013645511724
ck_a0e46b67e986ab56,0.03730778910561924
ck_a0e5656e1cf9cbf5,0.0058195355767924764
ck_a0e96fed380440b2,0.017438088972995293
ck_a115a7919ac5875a,0.03164945579562526
ck_a1201284122c141f,0.00425766905070737
ck_a13fee8cd925d0dc,0.006748098151736863
ck_a1484e6215fac651,0.3223724865822212
ck_a152165caf295b51,0.04350871180379855
ck_a15fe7d0f4b65c33,0.48279080116480366
ck_a17128972d3e507d,0.015819500601798667
ck_a1a93c5f375f6021,0.0028997342679103126
ck_a1b4c96faed3e0db,0.0159388634545492
ck_a1c39df50a5873b3,0.02320456136717466
ck_a1c78972e4ee4082,0.0067587067080273
ck_a1c7adfe26e09a8c,0.02683859109249674
ck_a1c7cf63467df4c2,0.0009299915628527341
ck_a1c88c0568f142d0,0.3172337152746368
ck_a1cdebfc42a52448,0.003185199449663414
ck_a1e13c0d58560340,0.0012727474928592517
ck_a1e77090b1c6ccf4,0.008224574968194035
ck_a1fd0ad03ff9b776,0.02920512073805054
ck_a209a5f7d172125e,0.011858106560889304
ck_a2245822cfea997d,0.0035800524065668247
ck_a2299b4f530be0d6,0.6043859214146489
ck_a2624e0387974e0e,0.1517597764351313
ck_a2637e4872cf4811,0.22290656188690142
ck_a26704b5b26258b7,0.018557563812820775
ck_a27bc31eecd9cb9a,0.021229552854809847
ck_a2858979dd5645ef,0.0034364189661787296
ck_a28d6b1601b472a6,0.044355865223053584
ck_a28d9bb5590d458f,0.07102292469159838
ck_a2c3e82fab520483,0.05924682503671572
ck_a2c9796ea229a4e2,0.02587776987506958
ck_a2cc3910a641a808,0.5929596964891684
ck_a2d0417791d4132d,0.012840192429607643
ck_a2d709e7eb91e4af,0.026893030535176984
ck_a2d7a563f520b7ea,0.007369613355223839
ck_a315c9619a317609,0.04315682976175405
ck_a31a64a39a2c4941,0.0221024505953647
ck_a337eb38eefdcc88,0.04705844882622588
ck_a33d2325f86ab12d,0.001451203708433596
ck_a3564236069e3524,0.016583780900129894
ck_a35d81bcc54ece2f,0.00434315098435628
ck_a3747201f377626d,0.9762383915420128
ck_a378c58294001a36,0.8943563809228594
ck_a38bd07a5fac5c9a,0.002134710030066136
ck_a397cd64ec5d644b,0.0016258541186009846
ck_a39d0bca345b492d,0.0045842038978431135
ck_a3a0bd59729fe619,0.007923399208807304
ck_a3acf4b986afa98b,0.36309064476426484
ck_a3be871ca22ac416,0.031574316860813245
ck_a3c25d6cc7478068,0.047973428225843384
ck_a3cce46d15cc20a2,0.06099690949795919
ck_a3ce05e9e5e32142,0.03339414858367323
ck_a3f821bdf408c326,0.007670232402027359
ck_a406bf11e48cf8c5,0.1202728125770331
ck_a4258806a533efa9,0.01986567678914998
ck_a432b1bf1d3b3d5e,0.21361180583410888
ck_a443d49c2b4863b0,0.008552640851459518
ck_a44462a3853ac67e,0.92658670569751
ck_a4691b57f837d88e,0.042303348162601166
ck_a46c1773f01f0be7,0.0798992794478743
ck_a477654d34783e06,0.0019023374828816065
ck_a481385c2e60dc4a,0.0008277504240658172
ck_a48ec0c00ae20e82,0.03811574644760869
ck_a49a2c1f881a3560,0.0031954679220173475
ck_a4a01fd45936b078,0.01770932771151314
ck_a4a42d4bff8af645,0.0028495317189666225
ck_a4a7ef3ad799c380,0.004224000052130983
ck_a4d6e152b0076964,0.010416041625929365
ck_a4d7f6a5869d440a,0.939447908112936
ck_a4db6e94a8f77f9d,0.03412333853778353
ck_a4ddac49657a4450,0.006663291893598195
ck_a4e2607b4c8021e8,0.0017127791442724878
ck_a4e6fc391b674335,0.181076972560459
ck_a4fa8833995c716a,0.0031201233796673586
ck_a50370907e6b397c,0.05891143002289928
ck_a5051eafe8b51224,0.021806509416931907
ck_a50621b5eeca84b4,0.0006717673439505125
ck_a51abde881ebeff3,0.03285561133625791
ck_a524071c51ddde20,0.01104912673424689
ck_a5276af466b681de,0.005643675963354162
ck_a544e766540861fc,0.012215894810911069
ck_a54dc042ebb7c766,0.043797281041208246
ck_a553418f2fba1440,0.005530015804120721
ck_a574a08edaf81781,0.008178203868730617
ck_a58e900469dfc3f0,0.044355865223053584
ck_a59e90219939a1f0,0.0037033498079578073
ck_a5bdd026fa9c50fd,0.006562384700388346
ck_a5ce2ae36fb410d9,0.002070784868434043
ck_a5d7311291caaa54,0.0031396605363984437
ck_a5e036327d3d1862,0.0009303845444227464
ck_a5ecbefa849ae569,0.01625757207365837
ck_a5f7b6fed6df2aba,0.014030002158097396
ck_a60388296a47062c,0.05414711747923987
ck_a60a61ac829252a0,0.009544441975448348
ck_a60c618b7f0e4252,0.014330760868373626
ck_a60d6b324bae0330,0.04366351897163277
ck_a60e6edc48e3d0ac,0.459805594611766
ck_a60fe02fc04407a9,0.08306523424291362
ck_a61a879dd46fc9f2,0.012949563417272686
ck_a627734880aca848,0.0006574502370269859
ck_a662b4bf900781e4,0.0018583077376630682
ck_a678731156ad7bd2,0.18725256694843392
ck_a69084a068bcc8aa,0.1975146355559925
ck_a69ca7b9d70972bb,0.006883254092540481
ck_a6c02ae50932cd9d,0.004518728474706117
ck_a6c740041faf0bd5,0.005326091019436644
ck_a6c7b8d6e8596d4f,0.19167154146908205
ck_a6d4f998dadc90c2,0.7406402119990887
ck_a6def1e4b2d57e0d,0.029592076157206014
ck_a6e8e8f535b1f1d1,0.07201272769460523
ck_a6f61864fac3c8fb,0.027157735010918796
ck_a6fc92aa91e99b77,0.6726681759096955
ck_a6fe344bbf67f14b,0.007976366265947943
ck_a705c61bd679496f,0.0026229125580831273
ck_a721f0d635fad68a,0.016686952254416944
ck_a725d7aed2a0bdc2,0.002515660887338369
ck_a7285955e2852686,0.009497103565628367
ck_a72d6df666e1c21c,0.02201362142415675
ck_a73045e96af0e4fe,0.024194020859729336
ck_a7331e8b808c39aa,0.047057620614193364
ck_a74f6a3030f5d495,0.026628091497245775
ck_a75ece9a9044eed0,0.0017656424698979185
ck_a760d38d1bc4de97,0.0026458265639405683
ck_a76e8d83b9141364,0.037079513753797394
ck_a76ee3b3e3e522fd,0.16027584628746158
ck_a777c813551281fe,0.004596891918783717
ck_a79a27767a02e31f,0.027268261424030597
ck_a7acd5b015823793,0.0351291851825786
ck_a7afdac4ecbf2de4,0.5535409013267067
ck_a7b57882ab66b111,0.00293536293090198
ck_a7bc323ffed2ea97,0.2745087428079363
ck_a7c1dabf3869772f,0.031445902628355206
ck_a7cf6c3b322f6b7a,0.0023596157278214114
ck_a7e669cf1c3985aa,0.0194262265257772
ck_a7ea00a1760ad561,0.9812160025907896
ck_a7f522382509cef1,0.002172548686297266
ck_a7fcf7b592f68ca1,0.04122001434648754
ck_a821980ac4db9943,0.20750318901875434
ck_a823f5bcb0e4b9df,0.001225003969290427
ck_a8382d8345f21e1e,0.007223406273885893
ck_a84f2cdf695a71d6,0.0034164619775283334
ck_a85182ad90b6f1e1,0.002854969688769454
ck_a86cd653472eccbc,0.012984263706753835
ck_a872df31b28a5f7f,0.09414716675045795
ck_a892252e4e0c2828,0.0158582100026617
ck_a89b66665714058f,0.002717163996996505
ck_a8a2e296f9804bd7,0.011468305624668718
ck_a8cac8d480306839,0.0017701762968238414
ck_a907fa8795cd4baf,0.0010323511743115979
ck_a911a066ff0f7b56,0.044355865223053584
ck_a9161cf1ca22a6bf,0.011087385945555637
ck_a93560aa348d6225,0.04955222552270926
ck_a958b2461ffc21a2,0.1298570771319766
ck_a95afc7a00303a26,0.013698539117629574
ck_a95f212a02433d23,0.002650258612897522
ck_a964e6b5d8415334,0.625264385016886
ck_a96887f841e80fc1,0.028728220622376358
ck_a96aaef34173aee6,0.0376037159811395
ck_a97b481ade6f7972,0.07297799274158616
ck_a980b296c95153f9,0.021118286829649457
ck_a9812ff3c111ea94,0.04862798257242484
ck_a98848eec6c9581e,0.014061558732420522
ck_a9989a3a94c26634,0.028947640264775223
ck_a99e0c258ad7576b,0.005816821181955726
ck_a9aa389688ee5aea,0.009808636147718073
ck_a9aa5c344c315532,0.019544899487846407
ck_a9b0c4dbd7db6a91,0.12008985649899294
ck_a9bf75bea912027b,0.020935568189711443
ck_a9c2cdc758df8510,0.022315129692315774
ck_a9ca2f447b984a6a,0.010101735967540165
ck_a9cd84a6dddfe584,0.03288291325835896
ck_a9d2bb4f2bde7052,0.01265293336853952
ck_a9d994554fc14a02,0.0006932556351947319
ck_a9dded7f6294e44f,0.06512986929565413
ck_a9e7f3b2d5dfd97b,0.023364171716355266
ck_a9f700eee5d638df,0.0012839992423438378
ck_a9ffd6b3957bd41e,0.0021441786146948797
ck_aa01d5aafde73d0a,0.0013666767513660296
ck_aa06ed358e43db69,0.06708117645753629
ck_aa075c418ed9fe5a,0.006300153715378602
ck_aa0a3179f1111674,0.003028490982560151
ck_aa0b083e2a6813eb,0.08275217321437843
ck_aa153a89a52f7eb5,0.044355865223053584
ck_aa188e5c25f7f42a,0.01070539541119202
ck_aa295a11b0a6ab36,0.026201309653057895
ck_aa2b4c662ff213b6,0.04568537872009677
ck_aa37993f1c17cd1e,0.033478519394406415
ck_aa42976a31cb7770,0.0023500597204044087
ck_aa4ba931dd37481d,0.0018982610136282407
ck_aa59702537557ff1,0.0031179217370351903
ck_aa5f3ab48c17fed8,0.08706035293612115
ck_aa8b9b36a099e4c8,0.01946943327414243
ck_aa9953c0ca2bed7b,0.0038181728257387225
ck_aa9b28e7fc43af79,0.8698557949559945
ck_aaa9861c91bd14dd,0.016639061162573878
ck_aab23b5470469649,0.0174974069938968
ck_aac70764dde15168,0.012581603684268637
ck_ab01db9117acfe3d,0.023627610253304496
ck_ab1b9d019921bca7,0.024582062261331517
ck_ab1bb02f6b189304,0.08898196968958401
ck_ab2aed614ec1cdf8,0.03106812339359697
ck_ab2e3fc56f5b3aae,0.11597638889906503
ck_ab33fb754c818ae3,0.013923343391358207
ck_ab3426435b0017d6,0.013145756981584353
ck_ab3de3d3e41c2082,0.014861369080728633
ck_ab4a8d02ec3c0fd7,0.0021921912027230823
ck_ab553954435e8854,0.7988363698306313
ck_ab581082e8f72e3d,0.0037940445659749144
ck_ab640420858ab5c4,0.2977974214641448
ck_ab70961e7c6695b2,0.005701923675534446
ck_ab7cb50407d6b13e,0.06997113498902909
ck_ab80466ef615e85c,0.002123212162792577
ck_ab973888c20c9120,0.050099055076493974
ck_ab9ea095a5c58b4b,0.005863707923677366
ck_ab9f0e08af030060,0.026193339021983352
ck_aba32acb61c1aaca,0.04390747510691288
ck_aba573aa942b1d41,0.016159405879735432
ck_abac514d8167ea58,0.0021886831447763743
ck_abaf371ec8249c4a,0.05156269162742893
ck_abb056a9deab275a,0.014768434001986075
ck_abb9d65ff1f95b64,0.0398496557103058
ck_abbd1465fc730d78,0.005147295414410451
ck_abc54ed7111e9ed1,0.0021625054874592872
ck_abcbde211b6267f8,0.027626872241022164
ck_abd10fbcbaf2b038,0.004957764325196583
ck_abd3aa292f8edb4d,0.09061056552599542
ck_ac0ea27e692acdc9,0.02521502479198196
ck_ac2f7397801036ef,0.01572575550613034
ck_ac32c6e374782b27,0.022959615271482534
ck_ac449ee0c315edde,0.0027016063267878026
ck_ac55dc6cbcdf8228,0.0056416782243083495
ck_ac68d707006c12a8,0.004438272138907954
ck_ac79c72a8fe3fdef,0.12739002812093148
ck_ac7cdb9b8da7b5dd,0.02620680309265858
ck_ac7fe1c344190c50,0.006501703386405474
ck_ac84b33304362c06,0.014288761374261138
ck_ac9d3d9754104cf0,0.0013704834872729076
ck_aca35dbcb835ad02,0.09126513847302209
ck_acb84dc2351eeb76,0.002610152813400423
ck_acc764b49ef02826,0.2745161342587566
ck_ace21f6daef94f6e,0.015568850310267146
ck_ace3b96c977a7560,0.6873432069423252
ck_ace6b72e5bf3e93b,0.027231053484914162
ck_acee218cbe61df69,0.026608104304052155
ck_acf7d65eaaa4c31c,0.001323901103550554
ck_ad305286702b1958,0.008089441277635763
ck_ad3c4be96599554a,0.008620855336236145
ck_ad48826c1c26eb78,0.26865766579105965
ck_ad4a4daa826ac68b,0.03725807597306561
ck_ad54292a0b2f44ef,0.006545509578135004
ck_ad6d48c20a3688a7,0.006759606818552699
ck_ad7269eaa65c67f9,0.011073604255334308
ck_ad7c256ea10c4a00,0.2617054203510318
ck_ad8cbe6e27e47ede,0.044355865223053584
ck_ad9a18f58589faa7,0.0046481095681888945
ck_ad9e2088a33c8c72,0.0018204716735705855
ck_ada46085a78280e4,0.026018923010791693
ck_ada6ede84c111719,0.010673891153121241
ck_adc576690df5b33b,0.009572137644343273
ck_aded05ada490da20,0.012163153385486106
ck_adf84b9df54c3d80,0.04558851828842552
ck_adfb8472d5c3d669,0.014510633319264549
ck_ae0a7be6b0a0ea68,0.04916181692288647
ck_ae1da8ee98e402a4,0.004389634474698608
ck_ae20e28f9854f3ee,0.03512448858177927
ck_ae2ab6be219219aa,0.004516940991137408
ck_ae3a763997f8f385,0.02339114690720961
ck_ae3b47d6e1063704,0.011468305624668718
ck_ae416325fef92c9d,0.905104517334524
ck_ae668e4564cd2aa1,0.00814981622702411
ck_ae7780327e210522,0.011777282610402114
ck_ae8c9163cf957d7e,0.004234594930744845
ck_ae8e5dc4b725bc25,0.13231254523617925
ck_ae91b4cff57fb3bf,0.010573060487978597
ck_ae96d35465b3b4bd,0.007998169048245856
ck_aebb42afe430e2e9,0.00552154479178178
ck_aecdc5a96321a2d8,0.016035252790472194
ck_aed2681e1646a0df,0.03546523847189277
ck_aeed557007d52e9c,0.0026608392595948867
ck_aefa0d8d933e0eca,0.039209285440253205
ck_aefd1ce3ce093cbd,0.0009706986998161488
ck_af02e1817cfa40b5,0.004136104633894922
ck_af0a6540ea7a36b2,0.009808102817750837
ck_af25c72d16299258,0.004108380290772663
ck_af32a0660090dd68,0.03475010855273808
ck_af39767cf583905b,0.11500791188016536
ck_af3f74b1d75a5d95,0.006791970933436459
ck_af528d66c86f0cb8,0.04428573374293449
ck_af559f990c640e41,0.011140534037721042
ck_af5842fa7202ff25,0.007648781770851316
ck_af65eb885a51048d,0.001532677693546163
ck_af69bfcf4f07d932,0.004645169439600474
ck_af70aa32c009c3c9,0.00843029356251034
ck_af7ffd1a822460d3,0.5263790946915661
ck_afaf374009d3b248,0.01977539226817032
ck_afb23858a4ef42ed,0.981642515764245
ck_afc484d1b6907983,0.005069281598045566
ck_affa5aa0bff9bb0c,0.0076773154048435065
ck_b003e5b54df65db4,0.009857038859266344
ck_b046067c6ca3831e,0.002850708279191368
ck_b046a42684468e63,0.013284029567376628
ck_b05c4d33c4f43639,0.04515688078255897
ck_b06ce826e593b210,0.08271565375591662
ck_b080ff636932d1f1,0.0008946364085943046
ck_b08247c3ad567d92,0.18126579885328498
ck_b08afc91d9ca55db,0.044355865223053584
ck_b08b3f089138c901,0.006030189912141322
ck_b0a0fb0ee9ebf106,0.006536330128687691
ck_b0a947b498e47018,0.004887667626260377
ck_b0b5bf9254700402,0.0027690843584684153
ck_b0b9047dddb1ec84,0.5181885259623678
ck_b0d33b5a3716661d,0.00978259961888434
ck_b0ed11080076e381,0.008634016175425589
ck_b0ee3a98175b462d,0.0033560298977760457
ck_b0ef193195a2138b,0.007628258987790503
ck_b0f191e44f9b6f35,0.08485084579452465
ck_b0f8f5408662337b,0.004738744848394553
ck_b0fa8b84e94d8ae0,0.007776134525804785
ck_b0fe4b92fc70f72c,0.00295920008749448
ck_b109ec4c63503030,0.005643699145306797
ck_b1182471d9ac6b26,0.003724041944960105
ck_b11e22e75d9b99de,0.003734906701337221
ck_b129261da9c3c3c9,0.0011557313467003842
ck_b138fc249e659e60,0.010184192903288687
ck_b1495ee5c59a6b28,0.015539612612290378
ck_b1496c474c4a3239,0.0017388171038243345
ck_b150fe4efb449b05,0.004098055660463845
ck_b153386f1729de81,0.0020837033724098795
ck_b16a7c51b6f7a6b1,0.028875475531983538
ck_b170a7db522a0d6f,0.014511086826838628
ck_b17c239f160e6017,0.01660174202320656
ck_b1befe967f7a5ebf,0.05589852447719984
ck_b1c51fdafcd80122,0.04315654954978733
ck_b1cbd6679c0f8d95,0.008284122072480705
ck_b1dba768dbe7affe,0.015550831260679214
ck_b1e81b58b9a545ce,0.024602807794306958
ck_b1ed2278f5f14d82,0.021314978190291795
ck_b1ff9edc51d42f97,0.008871718870968687
ck_b20b81b88dabe28d,0.003233588354261365
ck_b21d8630387cabce,0.004634052355168835
ck_b22e3337b8e3dbb2,0.023263012307674254
ck_b25657bd16739036,0.017801151744858513
ck_b26cdb2b7b165d2e,0.01344785266783378
ck_b26e4ae47c9107ed,0.08944479340381924
ck_b27a9e39726b26d9,0.0037141381662495945
ck_b294aa27a0b586d7,0.0034330573915795997
ck_b2a79dd3df560f14,0.03022115947674073
ck_b2b63ea65edf1dde,0.019092259969797822
ck_b2c896beec146477,0.023987586075694945
ck_b2cb9e6610eca967,0.010866320250704426
ck_b3225a98acd04f83,0.007827202296887612
ck_b3263e7f31aab45f,0.04176896739406487
ck_b354003302b272ca,0.005434658552792867
ck_b359192aa659bdce,0.033145627545307726
ck_b35d803568f82d9a,0.01104808242020156
ck_b36086ae6d87eec1,0.006787851541491436
ck_b367449195e36499,0.02337839679549444
ck_b378b8d8100ee4b1,0.018879253489412887
ck_b379c198d6db2d62,0.029734844752901998
ck_b3867f7f494db64c,0.0012762421139898335
ck_b3905153b9eee924,0.026822760710036916
ck_b3ab3c210e2c7c19,0.033282129052707186
ck_b3ce8f1bcedfa043,0.019177731942045972
ck_b3dd1198ac5aea73,0.01043055436731595
ck_b3fb83f0d772a831,0.010838682368855284
ck_b4068439c413b150,0.006978824836988908
ck_b4331140b2e0d4aa,0.006140014996849556
ck_b4384b6c11766ce7,0.007616637534821645
ck_b43f04431c267dea,0.004570095492723242
ck_b447badc9138987d,0.002828383556405273
ck_b456f62b80e21557,0.0012347243830030375
ck_b45e47c39d4dc7bf,0.019536461973831798
ck_b4703ee97f94d7fb,0.0008367636671416389
ck_b48cd8593533fc1d,0.7110423292227704
ck_b4911c42f3bff740,0.0014914722673251065
ck_b4954d16b9749829,0.044355865223053584
ck_b498fa91a0776ff6,0.023848169510449487
ck_b4a6bb4689cd7cfa,0.022002253187518517
ck_b4ad165ace910222,0.010959096968716157
ck_b4c014d5c0cc9eb2,0.0021622507059296794
ck_b4d2f02d2cd45720,0.20399057092762665
ck_b4d55bc809000276,0.02452999939994002
ck_b4dcebc543deaafb,0.010814838834640033
ck_b51a58e7f032c9a8,0.03986504586741774
ck_b524f7a2e752b9d0,0.009083647390624356
ck_b52b99dad89ecdfb,0.0355237050716267
ck_b53084ffede19a8e,0.003729793680348317
ck_b53281da70defcfa,0.028761533311560422
ck_b53e88c0e927d896,0.0020663491632324604
ck_b53ea8713d32ca7c,0.025667511990952237
ck_b568ba3837afb39a,0.0022226052821180207
ck_b56c62c950eda009,0.0014570284077570163
ck_b5777605668bfca1,0.004615771699336515
ck_b5935e9722a39819,0.09951184604248724
ck_b5a3e20fd210017d,0.010331193928591944
ck_b5a84c5547378c10,0.002832487537585658
ck_b5c3075c811a2216,0.025629681170310514
ck_b5c93e6d34f8d366,0.00230518107737749
ck_b5d0d223ef56473f,0.03156974573897373
ck_b5e4c6dbbed1b773,0.044355865223053584
ck_b5e54e22e3d6960a,0.011468305624668718
ck_b5f9dd00914b4db4,0.002338163562694795
ck_b60de9e97aad9e45,0.34420917397814943
ck_b60fb9a10d6f4489,0.04302051270701388
ck_b616b6f45225f319,0.02662100926644422
ck_b621b6ffcc7f4848,0.0022270735681885353
ck_b62276c3426d680c,0.01172439528710871
ck_b62f3e3185251f71,0.001371346122473151
ck_b62f5144db15ad34,0.06955990269233264
ck_b64c87d5e3b10e6a,0.9217658233711328
ck_b6527a85fd682554,0.02903146357548631
ck_b657ae3c146cb7bd,0.003921981158196762
ck_b6673bbe61d2680d,0.05231171892616823
ck_b6675a04df1a4276,0.0062286572124169454
ck_b667952253503174,0.003873158237767226
ck_b68199ecccf2350c,0.001577781248544862
ck_b694c803b62862b3,0.002754370341837294
ck_b6a2bdb2d335e1d0,0.9927997888957163
ck_b6cb8d6ae828eed1,0.057118343592625465
ck_b6e3af0a5119d9a0,0.07102992676993154
ck_b6f2a2fd232c141b,0.006251545275310795
ck_b71279e807d0b3a7,0.008323666483119446
ck_b72c7ac4208052ab,0.01613665323403599
ck_b7431d4706461ec6,0.006335085831641714
ck_b74b9ba6d7c9aab7,0.041098646501814814
ck_b75b936aafac56b9,0.01593563463345924
ck_b76510998b9a2260,0.019744353142978285
ck_b7793edca26fc512,0.030371599460533184
ck_b78d785ca3ef773a,0.010254546920294757
ck_b7af9b2ee0eebbc6,0.027268261424030597
ck_b7bd3a7f263f4f29,0.0355243719068404
ck_b7c37d410b1646c2,0.01849596772513412
ck_b7da6640fa2f49cf,0.15636324439421875
ck_b7dd681eb3d2ee38,0.005534349248105963
ck_b7df99aecef385e6,0.030335094058736637
ck_b7e25ddd41514d4c,0.050968285800896004
ck_b7e7f7d0cd886412,0.09014824056300551
ck_b7f4baa2cc82fe61,0.005916611117974132
ck_b7f5acf5df1bb13e,0.011468305624668718
ck_b7f5d10b427346ad,0.0038376084133589965
ck_b804e784cde9af8b,0.008424074227893983
ck_b8266dcd90cbfa62,0.0037033498079578073
ck_b837c7dac2a9b931,0.029719927225798807
ck_b8465b1a5666155b,0.11782634808015735
ck_b864f64101149c35,0.26183522938925485
ck_b87e88ee5512ea17,0.0010422927539678775
ck_b87ef4b98cfcec4c,0.020029691815297613
ck_b898d912d1181ef9,0.02021964158879014
ck_b89c6fa2ad0a12f5,0.01777344999091731
ck_b89cb90a420c9075,0.004962276697841889
ck_b8c7771de9b57705,0.0024789827025734753
ck_b8cc2df5192bc49b,0.026267690798996997
ck_b8cdd6d6dccc4554,0.0017083008805379284
ck_b8d210e741be186e,0.007683979642179575
ck_b8e5244e650aa81b,0.0352921983902007
ck_b8e8dba20676d87b,0.040827472420279565
ck_b8fd61a8e82bce32,0.9770609207938328
ck_b911a09f328dfd4b,0.002375653492615237
ck_b921af37d500e139,0.024064749618535636
ck_b92b11d205af91eb,0.004229883512726379
ck_b9485218cef413f0,0.003684584172997857
ck_b95fbf2b5640aa82,0.020593903325635605
ck_b98e9c3ec6e7d1e7,0.026075944223781053
ck_b9c6b32f6bd92a3c,0.012886961574578703
ck_b9e5b318ee4de68d,0.009348164900163604
ck_b9eaf03453ac7d5f,0.009275350087907749
ck_b9f1465d803e57b2,0.0801878009679923
ck_b9f6040eebd1605f,0.07516403332670733
ck_b9facd2210daca5c,0.07619389590815051
ck_ba175b1bd8efaabf,0.011579195545331116
ck_ba1f6dd43fc8a0b1,0.003469958951957694
ck_ba3a6be026c87079,0.012542759737209324
ck_ba4a6b9aa63964ef,0.026287008875843728
ck_ba54e0a1c328119b,0.43132057339723695
ck_ba576d6d4cb6130b,0.12844894569539417
ck_ba666a425930615a,0.002043407393591297
ck_ba68841ca2ba073d,0.021968506503016683
ck_ba6e1115fceaa067,0.04174728109739159
ck_ba7b78d31d74c794,0.03125299122111225
ck_ba7e347251ea399b,0.037634073171060343
ck_ba845332b730b596,0.004187537385463485
ck_ba88a244d5f7380f,0.011456475318217517
ck_ba8affe4b9505a95,0.21502870154170425
ck_ba93cb604f792915,0.012360804568575013
ck_baa47383ffd50f04,0.02881284273245843
ck_bab5759b07fe2bea,0.003279877584643963
ck_baba5d66def0d770,0.04577413088717488
ck_babb95a76c69509d,0.0366604365367129
ck_bac5233623b25ca4,0.015570172710726648
ck_bac6dadf428eaea9,0.090152476153473
ck_bae8dae7cfd8baba,0.0009839307408528067
ck_baf43bf1bd963f9f,0.15876923971860357
ck_bafe82c870356706,0.9743361489058149
ck_bb0713a2a1d65982,0.013767650207282212
ck_bb113e3e6716ed65,0.015038492196841327
ck_bb1a981306b750ac,0.10031061819859004
ck_bb303568b6915205,0.12753128450706702
ck_bb399ed6bf28c230,0.03604150596943402
ck_bb41a66e3d90263b,0.1470076263341834
ck_bb4aec09d4968dda,0.09503050784318805
ck_bb4c6b713eb0b978,0.0622707186308499
ck_bb643194d1cbc47c,0.9830201267662618
ck_bb6cf7e7b707731d,0.7853549334852927
ck_bb76609b79e0bc9f,0.0058067655714878225
ck_bb84b2b30293f566,0.10231625338683555
ck_bb99071e8f58c8a4,0.4031191066475628
ck_bba0ccc6cd968680,0.08354401732331118
ck_bba413492dc46f2a,0.01671674139500094
ck_bbe1a2ea5a403ad8,0.06844788791694853
ck_bc04f51c23290bcc,0.024953023918868316
ck_bc19c383560c7477,0.020052545710560463
ck_bc273f3ce79f7e1a,0.00667905523466005
ck_bc2e771a1d8d2dee,0.03243027283895678
ck_bc32655ee5ed643e,0.021842098088411296
ck_bc61c59970f8de49,0.0125971194166462
ck_bc6f07b06aaa4ce3,0.04167949927085282
ck_bc736114a31088a7,0.02685071464676609
ck_bc7710f7e9fae649,0.0007187889812697999
ck_bc7ece8787ca7200,0.001732544315312524
ck_bc82fb1895fddde5,0.0031936641639393718
ck_bc89644ae3688995,0.0644910297789907
ck_bc8f31f4a2ffa1ae,0.0007478219565105847
ck_bc996c523944644b,0.02164937546725413
ck_bcbd8588a13f5eef,0.0010392968568163179
ck_bcc8519fe8521038,0.030056200100865987
ck_bcc9cbc9ed8b7c31,0.016190216645456404
ck_bccbf9fef367f00f,0.011622943181120162
ck_bccff46fb0868454,0.4222056813112401
ck_bcdbf57d98dc0d27,0.019451856310291598
ck_bce253d2396681a1,0.01039079522420515
ck_bce5b7fecfb6264d,0.16757625369889398
ck_bcfb7ffb7cd428bd,0.012063365468852316
ck_bd1bf9e3e29de281,0.09185499376879795
ck_bd20be9a3392d79b,0.01102913774740667
ck_bd21164bd2bbb635,0.032961782391268596
ck_bd23cf9bba1dd33f,0.031252595481580735
ck_bd2545c62f258231,0.11425817246680638
ck_bd25ea782e375b22,0.016113410724667303
ck_bd26d2bef14a8597,0.015089502278900473
ck_bd2cdd53fca26171,0.015664018803637443
ck_bd30853e9a57b544,0.07431702192485112
ck_bd32dd3b2cbb7888,0.9974663702675294
ck_bd771efb4a7e15d0,0.008407729404563526
ck_bd80546b4807dd59,0.01626305416602363
ck_bd85f30c36f5998d,0.03711868928780168
ck_bd86132499defcd0,0.012384080800205423
ck_bda299466bb2136e,0.020545943679024986
ck_bda4041a3e90d860,0.07034997598200877
ck_bdb966f43ac350ee,0.019104271779304762
ck_bdbb4230c91e1604,0.011401201449517874
ck_bdcf049c1e7d0c95,0.010090288275855125
ck_bdd2da300b530c5a,0.013371528325918806
ck_bdd8eba728800e29,0.06443516766628007
ck_bdee1221b9addff8,0.005542683250244485
ck_bdee7c86f5ebe81f,0.04186141908455667
ck_bdf837d761a7cec2,0.3972081034471509
ck_be05447853d423a9,0.0012189771787170104
ck_be2251640f27a3c9,0.12317390106753459
ck_be48f583f79427f7,0.023089575854628855
ck_be51f4e5e6b85768,0.16006852354556084
ck_be52a7ec43241ba4,0.05310609527864888
ck_be5bd81e3715cb8f,0.9366259438607727
ck_be5df076b8a86409,0.0009944520962020871
ck_be86a1db08dea456,0.019434334027998903
ck_be9c46acd216b45d,0.03261818416922598
ck_bea2cf7a6b7bb900,0.004499242359085676
ck_bea56db7f3e930e8,0.0028443602516156218
ck_beaacb4a783db21f,0.002985139492610334
ck_beb97e498e6cf8e8,0.04761783111633369
ck_bebea2cf3063fb24,0.013301083201810058
ck_bec8324a3587ef04,0.003307102858695524
ck_becb6e1c608e0078,0.0026111130229323053
ck_bed0c020b10afa3b,0.005112458011601416
ck_bed3e3db135b782e,0.13147939150124294
ck_bed50fc64fbbf8ec,0.005331491299586726
ck_bed8a480e27e911e,0.01110337902974713
ck_bef3193f124fca5c,0.4014415990231967
ck_bf15a1f8d67a30d3,0.015941201357405524
ck_bf2228a052815840,0.0022881385855110055
ck_bf285dd49f372de4,0.010985100166807545
ck_bf378ea558a4125f,0.7297327998217096
ck_bf47375e41ca3bc0,0.00401046017244112
ck_bf4e7d48770a4a8b,0.04830959704236845
ck_bf6fb7e6470e95cb,0.002139223627642789
ck_bfa17a0b1760e616,0.0018589777077672959
ck_bfa7ba218b988cde,0.07800770025989284
ck_bfb067986660afe3,0.050112707342942736
ck_bfc2a57d8fd1610c,0.13677631545790211
ck_bfc453eabb472f91,0.009113645006513295
ck_bfc82b3c1c9f2897,0.9390561644912043
ck_bfd9bfc5b6ab4a54,0.4953390028462645
ck_bfdd232a7c5f2660,0.044355865223053584
ck_bfecad7586f65e4d,0.03395455138880678
ck_bff090cb4ab76b9f,0.0033450478529373066
ck_c0032232c2868328,0.012799045068182607
ck_c009c97d5fafbced,0.26270453378267783
ck_c00e70606904539a,0.007012525524238051
ck_c0133f60d39b2fb5,0.013603324838504351
ck_c01c85bd631d4054,0.006959978161292325
ck_c021495606b4735e,0.007815502862222422
ck_c0389ebeb0e65cb8,0.001623576960334193
ck_c0422e638a9c6046,0.04382899801387345
ck_c05737ab74cf03c6,0.04869375589055335
ck_c081e1967dcd811f,0.04175548194362001
ck_c08e64d424e56c05,0.01714593663745797
ck_c08f622bcd6de6e7,0.04934830356743064
ck_c09c914e416edd08,0.0016947895631237832
ck_c0b50c11e4f5adf7,0.019541308862253144
ck_c0b5cc3e8ad2ff44,0.030985971232128783
ck_c0b744eb9e7d4eb7,0.004066474310376908
ck_c0b8067c144ed6c1,0.007648142586425561
ck_c0c4be3f44311b04,0.008737200461743228
ck_c0ce85fb4109567d,0.010813277115758607
ck_c0cf50eef030b401,0.0019543237757413683
ck_c0d2c56f9c722e99,0.9708929992699818
ck_c0dde2a6ef1e08c5,0.006986523038994151
ck_c0e8560ccfd9dd9d,0.007969859426262698
ck_c10c8bcf5bcd516e,0.08197321062022463
ck_c10e54c9db29e6ef,0.9960037753215426
ck_c12805fa5d970a83,0.033000253165189314
ck_c1295d97cdf35ec2,0.00941117560237832
ck_c1466b52c0a10b93,0.018491823363600023
ck_c16ab1e4dafb4910,0.14029409720025116
ck_c18245be844680f3,0.004434610487314108
ck_c183dff3781746cb,0.033509080211010116
ck_c189b551bd111332,0.004438053877248912
ck_c190c7b924edba75,0.1447129429876808
ck_c19371047a2d011d,0.002167748327496609
ck_c1a31690c8573226,0.003218998553971873
ck_c1ab40638f04cb02,0.007754115986178146
ck_c1aebbeca6ab5ff9,0.009510653248707375
ck_c1b493527224a27a,0.0013996375852539447
ck_c1c2cb49c3c1b0f5,0.506291063403659
ck_c1c5ea839c58958a,0.026487712824129754
ck_c1c7d4e62c9fcded,0.4603381726395498
ck_c1c9d3842d758420,0.08366712011394968
ck_c1d05ef0ec6e4be7,0.006718369000397674
ck_c1d1a625b885a975,0.027929697321852992
ck_c1dd3feb9a0b6471,0.010283069174043096
ck_c1e5182bd99e0e35,0.12244335205443795
ck_c1e7d1021ae58f00,0.000674194944910005
ck_c1ee56d65a42f59f,0.008389720174936152
ck_c1f4509c8f5dac5c,0.00866557320070934
ck_c2015a1200971fe9,0.007940318494125522
ck_c2017120b3b88a46,0.0013845438137946996
ck_c20638a325ead2e4,0.001531278763291555
ck_c20e89afe575549b,0.004204570607348823
ck_c2466fc40fc9d5ed,0.9865347992302266
ck_c24b47184534cc2c,0.9715997917862199
ck_c24f61925dc158d5,0.03726877421477586
ck_c2504f5a113433ee,0.0026703991242207925
ck_c251898b5d51e3b0,0.03454112914294748
ck_c2608f78f6851d10,0.235642927315739
ck_c285a51ed6214f52,0.035666547072586444
ck_c2925c50ebacbdba,0.004108380290772663
ck_c29489366c01fe65,0.9069039287636944
ck_c2a5c54ad8d0d297,0.017051859450314583
ck_c2b4a1d8c0b6c1cd,0.000969640270855712
ck_c2b61a98d1c8f6dd,0.9206723325133476
ck_c2bd5a722aa637d9,0.0018182841545363307
ck_c2c7d1e45a521857,0.033254905753046536
ck_c2d3ecd7278eba2c,0.0011821915210804739
ck_c2dccbc1b24b137b,0.17428088311591416
ck_c2ed04a9d218410b,0.00401685005819131
ck_c2fc0ac460786d02,0.029680283748047803
ck_c30201ebd003fdc7,0.0027276315016175182
ck_c30c5844512e429f,0.058868378646809535
ck_c33a762d98f9b290,0.001611870803487433
ck_c340644176ca03e7,0.029651636393924534
ck_c3476080516db25d,0.009417964481923866
ck_c35d444e05799db6,0.02118483458851536
ck_c35e03b0dd0c3454,0.0160767649162164
ck_c363d3b050baf3b8,0.0758515293099141
ck_c36ed9f8e6792ea4,0.1296276467596168
ck_c3719a30414bbb4d,0.027982779178616413
ck_c375e929becde422,0.013371262360249485
ck_c37f03995f0f0169,0.0018442969403485463
ck_c383aeabd53e9c89,0.02305083940239893
ck_c39a9e75760e3201,0.002055711488952163
ck_c39c6a1453e2b92c,0.0005811838709828295
ck_c3ba7534cefc1de8,0.03394518774545807
ck_c3c19d6a0720915c,0.001049000950523975
ck_c3c69aefe7ea1d2f,0.024599307780399884
ck_c3d7d3d12a1981a3,0.0020436966216646145
ck_c3db1b3ad4f16679,0.006267753158615573
ck_c3e37a4d3382c32e,0.001692991792828471
ck_c3f360c2d0ea0a37,0.013535710175430975
ck_c3fe0c6c5e1f40f6,0.005405946780906509
ck_c3ff6790cc6d7e34,0.0031445154812132707
ck_c401a26725b17177,0.0017184593282087062
ck_c40ffefe4e30b001,0.02925413485370745
ck_c416357d20238a4e,0.003906590496123514
ck_c417d06f3e94685d,0.010594675302330828
ck_c422ba389ff00781,0.0017632135681303542
ck_c423aa6de3ed1e01,0.013527584689660473
ck_c43b4175fc9ac5bd,0.6589145677030271
ck_c4402ea6291df271,0.03242750105021542
ck_c4524993ec31dbe5,0.0015460932188453512
ck_c457e9c9224b773d,0.012252368877655441
ck_c478aae3031bb328,0.005369324992423639
ck_c47e32c47f0e6578,0.2104308148811948
ck_c484c5bda389bf20,0.0018169911661058413
ck_c49832eabdac5bb7,0.009627831480188417
ck_c49b685d2b3ab89a,0.0054626964837519104
ck_c49f25dfb39909cf,0.1470747921469881
ck_c4a72c09f2fdacc4,0.006101495410833908
ck_c4bcc7cefd40f8e2,0.0028709414265308134
ck_c4ca1434f3778f1d,0.9934971936579581
ck_c4cca8278bdad9b9,0.000928026969111674
ck_c4de808ae69c771f,0.0010922791400411885
ck_c4f4f28457be8a74,0.0018454409751921478
ck_c50fed2a7c9198c0,0.031752451324242245
ck_c51131e53baa59c7,0.0004854103588798694
ck_c530235393360e3b,0.017756401346851004
ck_c5414d7a8031d4f5,0.006242333086312691
ck_c543d82e22b3c8a5,0.0011203905599651998
ck_c54643d94d3ce355,0.11472479664964716
ck_c54c5d8e4433b0f2,0.007008118876359254
ck_c5517923458106ae,0.016603623917297784
ck_c55afc68421d85e2,0.004239149577169469
ck_c56a44fe315c0389,0.018793336293168452
ck_c58bafff7b1955cc,0.009091815941732953
ck_c58d9151834f5bad,0.032663497216962684
ck_c5b0f0d4f1655a20,0.033558505765955135
ck_c5b583490198672d,0.011260237673525346
ck_c5d62b2b7a6f3bac,0.7573734108123363
ck_c5e4a17d3efb19a4,0.46588355341328375
ck_c5ece5ffb8800ad4,0.009630909471441192
ck_c5eefc0697451de9,0.07545464549554483
ck_c5f8ab515840a0fe,0.020986413173656293
ck_c6200734c7f9b2f9,0.8631287586555032
ck_c624b9063400fa3a,0.1545624190289236
ck_c646cdead6fb79d0,0.0057025272450462045
ck_c67f7944896a0310,0.10478833040994946
ck_c69ef0f3e7d6acf9,0.06159740259636698
ck_c6a7bbd0adc4d5f3,0.04044961120937883
ck_c6abd5d57b1009d2,0.004430812772416551
ck_c6afa913168ce8fa,0.005546295138154996
ck_c6b6ebe145a8ffab,0.0013815878351055445
ck_c6bf67470f526771,0.03062663753738371
ck_c6cb651149dc9a8a,0.0028277131146402967
ck_c6d2e11a368184e6,0.003924348191850834
ck_c6fbdc5ba68a8466,0.036063040877063204
ck_c6fdb2972417c9bd,0.06680414330686256
ck_c6fff412f531db0f,0.0012670778710193009
ck_c729d19053387be9,0.087448142064374
ck_c72a7d0d03cf3e17,0.27945730499566834
ck_c735b643d3cbf67b,0.004535012214563522
ck_c7550723b90e5615,0.0033145279187212127
ck_c767fc454fa215d0,0.06908659620807564
ck_c76f1bf40f3b787b,0.0015564186360235229
ck_c77e22834ef97005,0.3927627714825523
ck_c78b2638fadd91ab,0.012205341216849724
ck_c78c096ca8cb33ac,0.0022009926435094377
ck_c7a9c7b2eef46a99,0.00502021288707388
ck_c7ae1d4b3ab38185,0.001097242441931965
ck_c7b17f7b24bef5d7,0.010324998669257906
ck_c7baebe4549fdbb4,0.015836834386636193
ck_c7d444d90fa86d7c,0.7979462016238341
ck_c7dd84401e29a7fc,0.0013548878065141126
ck_c7e07ebfb0bc15f6,0.029455616438811026
ck_c7e129058beb3ac1,0.014669206261517796
ck_c7f6f45710bc050f,0.0032397600802446924
ck_c8001bdb9aafc8a6,0.016386430124270435
ck_c802cf8f61466027,0.002370467956992962
ck_c80a94d4660041fe,0.016089200735210345
ck_c8131ddc7ed33448,0.007928012737312432
ck_c817259019588d30,0.02911001748571414
ck_c8198cb4c461304f,0.01983419493248107
ck_c82364d87875a1a1,0.02025204383940949
ck_c82897ebffb6ae66,0.010532778283752599
ck_c8307fecafa90140,0.024165033697445916
ck_c830f3830875b47a,0.07242054971448479
ck_c8413898f5f7cb7d,0.018406064629740284
ck_c84ef83489badbfd,0.026173328455443526
ck_c86520a00e50a926,0.037828730207622355
ck_c8791f7ebd4d93c7,0.01476328093818691
ck_c8806749e263f70b,0.0018520106720098602
ck_c881f26c9bf9ae42,0.4469642899066967
ck_c886adec7bac250a,0.009601095238254653
ck_c88fc1bac79fa6d3,0.06476858392790141
ck_c89b9ca398402f1e,0.0010490927287604523
ck_c8a03c516ed5b05c,0.08303493854577093
ck_c8ad3f01319c065e,0.044355865223053584
ck_c8ad86806b9a2369,0.04025976919038652
ck_c8affb27ba7fb5db,0.017712321165910594
ck_c8b2e2cb349dd0ff,0.0054313470774599035
ck_c8b7f241810b45e5,0.0027838729914841285
ck_c8c1bf16d9113493,0.00820136552077793
ck_c8efa1538b37c359,0.02288363906491846
ck_c8f2a1dd8a6141a4,0.0015205745257061754
ck_c91a628236baf91b,0.049536713879364445
ck_c91b7fccf6aeb4a5,0.02825414586897579
ck_c920901b9a4ba993,0.7617316225058487
ck_c924f36bc1bbbaa3,0.00610644099606172
ck_c93def7392f0aff5,0.070968636993929
ck_c9490cb61aff5112,0.02850932967754825
ck_c95c786d2f8b8edc,0.01389227708002512
ck_c965fd6bec0f0ecd,0.020033116484553852
ck_c9690baddfc4177e,0.002422646606080057
ck_c96ae2c28086a059,0.05477614837121399
ck_c972b0e781efed3b,0.001676835040253888
ck_c98b16f9a72a6568,0.001801679664222674
ck_c9c99e5b19aeced8,0.00459631454551805
ck_c9d72140b0389216,0.01860087046657181
ck_c9dcd92b2f836b61,0.09504769241437337
ck_c9e1e3229baae708,0.007205200986582555
ck_c9eb4df91ff07f2c,0.08654010422873198
ck_c9eeab826781dc91,0.020410697994350357
ck_c9f9fddef39bc664,0.03052355079270922
ck_ca0cc8ea9f344408,0.0026468821233343468
ck_ca10102961f99eb4,0.0020840016930030315
ck_ca149244b54ef3ad,0.0019072930480243228
ck_ca1f6f01868e978f,0.08790744517725516
ck_ca24bb0de508efb0,0.00656126922230762
ck_ca4465f2b5c1a52e,0.933365116212651
ck_ca491debd3b32a59,0.06408552341267593
ck_ca54b32fca7e94cd,0.0018506511272789467
ck_ca5b1057f8248f73,0.02482771646988689
ck_ca60d61cd4dc3bea,0.0021866526243387624
ck_ca68dec0c7df5a12,0.003705808127934487
ck_ca7b993e8286af7f,0.001925517821952998
ck_ca9d86f65cfdf018,0.003904947254529045
ck_caa348f0e65db062,0.9879356698583208
ck_cacc2ca410cbe80b,0.01504702866101311
ck_cb1bd7635968ed8c,0.2323344359599148
ck_cb1c00c300af3f9e,0.0056706813838531545
ck_cb3a40594da6a2ee,0.053214849288761454
ck_cb42e3be6fe87f60,0.028202994595573645
ck_cb61902798ecc4fd,0.04797756405713262
ck_cb83b9f806e90dc6,0.04107667075407465
ck_cb8551453a7bb929,0.0032303814173400966
ck_cb856e75c949b0cc,0.0008210732972907768
ck_cb88ef3dc1f42225,0.0043783132633858236
ck_cba4162ef29a6d27,0.01659394151414304
ck_cbaf8a954281d4e3,0.9154967949746741
ck_cbe525da0b69f18a,0.024985957715264906
ck_cbe716f351d660d4,0.0037005311920263522
ck_cbeca201dbade3e5,0.0277823228359454
ck_cc1c0b93d05b7d20,0.01958579356531562
ck_cc276f71ab6c08fd,0.04505015768916974
ck_cc3318839c4b0745,0.006975791749097258
ck_cc447fcc24a0772b,0.11295248936125546
ck_cc5a35175d381d5a,0.00206718834609452
ck_cc6d33890d47a6cf,0.01684346482457342
ck_cc81dbc83a8879fd,0.010311206997284399
ck_cc90e219f1ebf390,0.00140961947575071
ck_cc91bd7152d3e9ba,0.01490294134138004
ck_ccb3767c239018c1,0.00202699894991046
ck_ccb4dd9d0a48a76e,0.006313163032707707
ck_ccb72a33cc1877b7,0.024665593166711835
ck_ccbdfe744acff8bb,0.0068678091996007586
ck_ccc7916b56d42195,0.007783957092878362
ck_ccc83cf66365357b,0.04271752697208117
ck_ccc917533d4b73d4,0.018161618696818368
ck_ccccb17d2ca6ce94,0.08728005522874656
ck_cce8b6657a538fe0,0.015178863622157777
ck_ccfc9ab888ba933d,0.0033167299147556476
ck_cd09375e6c81d2c4,0.02411047724225151
ck_cd0e76f0e7bb38cc,0.06583050956371872
ck_cd1dc68e441222b1,0.9268792071806119
ck_cd32e58e8a1c0e85,0.020463898695674543
ck_cd4c63155570d6ea,0.005679044287536629
ck_cd553ba6589d8bfd,0.01475869310335755
ck_cd655202db489010,0.003134353019675899
ck_cd691e3466fb3742,0.0021741564236321185
ck_cd6fbd4e8724f994,0.03154011183623848
ck_cd78f0832a09bd8f,0.5865590459037101
ck_cd7d24e3b095e96e,0.08511094108754089
ck_cd7dcc884e283746,0.04331023147393894
ck_cd92852d7376a4a8,0.00251143130115235
ck_cda72f597330d0f3,0.002745188486078721
ck_cdabe60ab59f9d5a,0.012117770843491044
ck_cdb8061d8d1a6c5f,0.00316052051523968
ck_cdc55623cb16e6a9,0.0054944229733395475
ck_cdcf6671b37c9c92,0.011152073213683562
ck_cdd2ebeec75bfa69,0.14081577122264727
ck_cdd7c77823c2257f,0.057019363911775665
ck_ce0166addb93bbad,0.0013429850732761717
ck_ce0ec41f96951048,0.011637634156637133
ck_ce1500a7f0d03fba,0.02202837437680512
ck_ce1b06623e4a815e,0.00594612282684721
ck_ce1e695884511479,0.024407126101854575
ck_ce36b0c287bd198e,0.02285596487962646
ck_ce5ed372b1a2ed6b,0.03395965806965039
ck_ce66831f6611014c,0.011825705347561255
ck_ce81ff9b8b35562f,0.005116898982006853
ck_ce927322ef8f651c,0.0056160672871302655
ck_ceb017baa26e98c8,0.026007393337413285
ck_cebb8aa8c8f62c60,0.002267944729283144
ck_ced6b6dcdc7c201a,0.01420831702921748
ck_ced9163ea85589ea,0.03473656979246823
ck_cee4e4e1b62bf82f,0.016677265106655396
ck_cee56be5a502fbd1,0.13052702272377778
ck_cee8d42475a0f020,0.0034586476497285128
ck_cef2a485a77e0723,0.0031659696110678294
ck_cf2ca4f286e289ba,0.04158564615921579
ck_cf301f2194975866,0.005169948139294981
ck_cf36d8b070ded782,0.015332280641741313
ck_cf49b6544aff6c50,0.29004295023581156
ck_cf52e46fa54e4540,0.0024215400437848497
ck_cf59f4fc0ea690b2,0.007995485703776993
ck_cf606fd6ebfdf9bc,0.006572549595807166
ck_cf6aa24b92c4d33c,0.3283131143692288
ck_cf78169633a1600f,0.0012341899780520795
ck_cf7a022178165e56,0.0033702204263238
ck_cf8ecabbc61d3e11,0.00474281059265238
ck_cf920313f6dd28fa,0.01948911605135287
ck_cfadd21458230ef7,0.006540115170874334
ck_cfb06f07394dfe64,0.0023587813881772043
ck_cfb11a0a2325bff5,0.012572468448541695
ck_cfc2384f22954830,0.08914672321569676
ck_cff18e2d8c520272,0.0017080976149691663
ck_d00e09e66ed6458b,0.06440996680915885
ck_d021fd497ea35fb2,0.02244155693912088
ck_d064428b7e7dc409,0.0022585956329976035
ck_d07485ba10514a2d,0.5976712478301766
ck_d07bfb16a4a7dac0,0.858272554739907
ck_d07c5b0321c685ea,0.3460007180664993
ck_d08e00c842b75176,0.00475873465483016
ck_d0935b571a4a3868,0.012025317631897682
ck_d0982b4e0e118e4d,0.004675183481730002
ck_d099fca88691f66f,0.05945295897079483
ck_d0b32e039abb8200,0.004021390785335548
ck_d0c9633fed57c344,0.004378687174347962
ck_d0dc156441fcfdcb,0.024495472072227343
ck_d0e95b90ba86da10,0.01073609679278767
ck_d0f470f8078c91df,0.03347433228944855
ck_d111c98b36bdb791,0.005415455288220413
ck_d1157eade2ac3975,0.011701993758032438
ck_d115ac6b9fd62a7e,0.01676609381904135
ck_d116e0e7c19b878e,0.6119660215724496
ck_d11d27de7bf0b973,0.7025324670125809
ck_d12d2924d0f7a64a,0.012739798805166944
ck_d17653a4a2d4a79e,0.023691007934657456
ck_d19bf4dc0627113d,0.003233902533960791
ck_d1a1cf4cf61d6801,0.02393344967222915
ck_d1b0699d26282871,0.021635855181192046
ck_d1b9e5d32d2d789f,0.003257927356285223
ck_d1bb8890081e0a31,0.03212131835839934
ck_d1bbfd246c0ac9d5,0.007918950472642195
ck_d1c787c27d50af49,0.019989470297471456
ck_d1d079913aa158bf,0.0024401762801186835
ck_d1e3de178601d3c2,0.010754576974206951
ck_d1ea4bcc407c7d5e,0.008590040038616327
ck_d1ed88ea4211ba4d,0.001151599993440433
ck_d208494cf5c90047,0.03460424700761659
ck_d20d4ba60eec9945,0.008743502497414261
ck_d21612d48bb4f7b8,0.01688820624754672
ck_d21b38231a8a9f4a,0.11560411689859974
ck_d229cf7f5a3f38ca,0.01271335594417506
ck_d229dfa0e4442628,0.002045607580734106
ck_d23f9a50d1135ce1,0.10091110045371492
ck_d251e9fa09e542dd,0.9914119660288754
ck_d263b55f0a681cce,0.025614209104312464
ck_d27a73596b6500c2,0.031520385321434155
ck_d27b872648b71202,0.005511728568115885
ck_d28806a2179092eb,0.9906714398660066
ck_d288b77d1e227970,0.016718231177237843
ck_d2b3ce1ebabe9f93,0.01979506823618905
ck_d2ca47180a926ba2,0.015452861079024806
ck_d2d4282f9d256b3e,0.0025049619767280383
ck_d2d4a8f4a9f2c33f,0.001991951895293274
ck_d2fbd0df99634676,0.007300955293401151
ck_d305b4d82f63f647,0.009366419397942001
ck_d3137f0f7629040b,0.006961915054851546
ck_d321249fb065d2fa,0.04331353152342127
ck_d328db1e1052d820,0.05038460340469758
ck_d32fbbfe32c00416,0.028409474269148804
ck_d35c51e981b98c5c,0.007959599836275333
ck_d35e3aa9ef5d405e,0.2467482418882497
ck_d36733da917115a6,0.013546950377576148
ck_d3796aebda1cfed5,0.6630582942356631
ck_d37d56e931105db0,0.004169241059248147
ck_d3877e1f907cc148,0.044822919130513665
ck_d3885e286b3b11d2,0.060077764406423366
ck_d38f941d09eec820,0.019615230995104562
ck_d39864119cdd460f,0.016696249397266914
ck_d39b0152116203be,0.00981370265170894
ck_d3a2a4c011fa2554,0.001918488216510674
ck_d3a8333cb389f4c6,0.04652813477251084
ck_d3b2b250da61db19,0.9001923955846236
ck_d3cfb3603f2c6ca3,0.14121979152438674
ck_d3d5b2717cfc3913,0.08318807086318451
ck_d3e208671cf37f91,0.9685500798750002
ck_d3e2c26b8adff099,0.015662023914865958
ck_d3eab7a06eb48348,0.023825088397108753
ck_d3f44bbe2f7e9b2d,0.014122873108695224
ck_d4007b5b26d9d854,0.0012809092590022881
ck_d44dc3839a195c8a,0.4128778024747435
ck_d451d24c780b5884,0.014799614165381008
ck_d4972a775aadbbc8,0.011785932304872456
ck_d4b23804cebb045d,0.01653995862339065
ck_d4c1da5a1427fd6a,0.07197001118618288
ck_d4c8f0d957c3965d,0.0060760727449224805
ck_d4e024fcda401a31,0.003044563289220624
ck_d4e0b2a12fcfc35e,0.002536766489770147
ck_d4ec44760cbe03f4,0.012526544521604288
ck_d4fd0e438c97e0c7,0.05635710975045092
ck_d4febf0083800424,0.004205901545485413
ck_d5194f2e92fd6427,0.010775554069662371
ck_d51df5e9fbbbcc94,0.012747496389893868
ck_d523f0e50a2747ad,0.011676266495144258
ck_d52432ed597f3cc9,0.002951292190529602
ck_d5458ba39ae94498,0.015812409987015802
ck_d546994fc5d3e9d1,0.00438853428424846
ck_d557b9feb241b3ec,0.005558401222376232
ck_d55eb81a4d543c59,0.011568686044401604
ck_d56ee1654378ffc7,0.016915202295468536
ck_d56fc799542299b8,0.0037603034065187076
ck_d58e058b5c553dd5,0.024976809514755807
ck_d598fe8d2c779ab9,0.018076185302543485
ck_d5b8e74e7ca6355a,0.006833221826654128
ck_d5bd8f68da073cd8,0.0032865770742176517
ck_d5c14e877ca7b755,0.006704647347519933
ck_d5d225ce41a1a762,0.0195333169317328
ck_d5eb179dc45394c6,0.045929302139901394
ck_d5ef1f6e34bb35b8,0.02413952960706943
ck_d5ef6dc116dee408,0.006548112036229327
ck_d5f5b0dc97b9dc27,0.030998023871548906
ck_d61c837b0106085a,0.025657517776404397
ck_d61d97b21002f3e9,0.18664420459955344
ck_d637a011332ba67a,0.016124580392972845
ck_d654449f9231ad76,0.0070117677176521455
ck_d66952b03591bdec,0.0030138763937501796
ck_d66bb1f063357f99,0.0029358617459031215
ck_d66d59981307db93,0.04762154879934794
ck_d66f42a269d5c1ed,0.046443563298255025
ck_d67d9dfb60b286b9,0.0014860210987758305
ck_d6880578428b965e,0.17702165689855687
ck_d68d42858a55adff,0.08262523190543175
ck_d69455220b21dc9b,0.0032333033487957847
ck_d69de468b44143ca,0.006087004269159532
ck_d6a290ff8362c7b9,0.04985139913446059
ck_d6a4faadab58a3de,0.020169540629937095
ck_d6ba7ffd2ae08863,0.04299556517888529
ck_d6d2c1f6dfc455b6,0.20350843172765015
ck_d6df562a79b9d0d9,0.020889757637489143
ck_d6e7e257751c299b,0.002089442084524569
ck_d6ea026357ec6477,0.021724349139151597
ck_d6f27eacbad310f4,0.03197999018404602
ck_d6f5c8741697abb3,0.014620463027571069
ck_d6fb9cc5171e3e9b,0.858817562506872
ck_d6fe761ed0db3270,0.06883549093501344
ck_d72035cb29db3aa4,0.019488174448629728
ck_d730ff21bfd7769d,0.008219213152847191
ck_d74123617f22a21e,0.004984820979749604
ck_d74a62ab3804a81b,0.004387441474802142
ck_d74b2ead8aaa3f73,0.009226579858030357
ck_d75f25184ece2b51,0.004651981251068665
ck_d7607a213b800bfb,0.09586013474493818
ck_d7792b429620fc24,0.006294528568611902
ck_d7877684c7923ec3,0.012256703448018349
ck_d79bdf04d6f31cd5,0.002670381107558176
ck_d7ad9921a4d25926,0.05943795698347086
ck_d7c28eaa05bb7144,0.00966100230386281
ck_d7d50fb57fcb2d0e,0.0010521423850328414
ck_d80283209c963f11,0.012680705051061319
ck_d8116c34302021d7,0.0005525191891635001
ck_d812eb6930192793,0.0023036831988811676
ck_d813e15ac91f487c,0.03470559015041632
ck_d838491d3d4f5ecf,0.002206273192975142
ck_d839798f9520363e,0.08710204912781613
ck_d840db8cfe2ef6f1,0.005444407768990799
ck_d841eba8906e9a15,0.004055660847126163
ck_d84b5403da4cea7b,0.02089890856677465
ck_d86ccf148c06c8c8,0.07478244580993867
ck_d879d645d6e44207,0.01519052121439194
ck_d87ab3261322216a,0.0011549924531753949
ck_d87e26eb5bc84b01,0.0010202802473679342
ck_d89abbab3d4957aa,0.018277889422208413
ck_d8ddf5e99f7859e4,0.018126388887894248
ck_d902183f80cc81fa,0.023366631871800516
ck_d90b1d03ae151f62,0.00509113214554932
ck_d9143e236eef177f,0.0073397238868824835
ck_d91ab840848a54fc,0.0019161963006529483
ck_d91d9f8445b9769a,0.4098372680431681
ck_d932f98bf6b83956,0.09262280456777837
ck_d94dfde9e03c9d1a,0.021595274868710105
ck_d9506476ad3f9e08,0.01664718814999353
ck_d9573100bbff4014,0.13301540224766553
ck_d960af7a55b892b1,0.010800337677199297
ck_d96c893721385e4e,0.0018816288036306744
ck_d96eb3cc55f2772f,0.011468305624668718
ck_d973444855403e2a,0.018686029516782197
ck_d9735647a6b0b0a7,0.8742143786760307
ck_d979ef95ee44023d,0.012211058416314473
ck_d98934f9fe0b02b3,0.002198099156887561
ck_d99a8b4c820eb46b,0.0029745154375900684
ck_d9ba2a6c0d926b4d,0.0022100106705596127
ck_d9c2622cb6df380b,0.0035817624368947305
ck_d9ea77f4114a389c,0.0027065122090132276
ck_d9f8efa6a7800f76,0.0037316172660298453
ck_d9ffca35188e49d8,0.03826888249136759
ck_da06d97db0b18851,0.0018415746106563728
ck_da1a2450219dcf19,0.12281454665281911
ck_da1c853b0a061e83,0.05710591219572441
ck_da2729307af06ed5,0.03232820758827891
ck_da3526ab6c5c884a,0.0036011756921619205
ck_da39653add0f1109,0.0012107682518473126
ck_da59ab47cb6284ad,0.00274490968888946
ck_da645ea91d66aa6f,0.2705956855317325
ck_da6d1e5cf6aba6fd,0.011666801161962462
ck_da84a0dfe947fd3c,0.0036153847281204807
ck_daaa995f3c2f0e47,0.029274350833778665
ck_dab34cf6f0626c9b,0.026425256210678608
ck_dac3852758f4ea89,0.0011376898406193978
ck_dac7c50bd6d0148f,0.009645437145445362
ck_dad5cf32ab9f243f,0.003088949024034687
ck_dae09c4e074af5dd,0.004990442529771298
ck_daefe1e2d2bc362d,0.007343244377075495
ck_daf7aea023b7a8f6,0.011892288861595861
ck_db1fa53d588bf99e,0.012119393209965858
ck_db23a0e3e54be60c,0.8641177229536819
ck_db23a5100f338d72,0.004479727939489604
ck_db2c0908150cb2cc,0.03072472145968622
ck_db32c95ce2b6f502,0.474771168224065
ck_db4083a0d043def8,0.11537593810089941
ck_db6d1c6d31da967a,0.001823586001033809
ck_db8733fd92f20cd7,0.014082304510222835
ck_db906debc36a5d1e,0.02332706356436207
ck_db9b9d5d30f74070,0.07338691091321596
ck_dba767885bd6ad69,0.09222830518709549
ck_dbb498b1a346a402,0.0009000835363743747
ck_dbb4bd4eda97255d,0.015573242831075472
ck_dbc487cb0a6c18da,0.9566934308434092
ck_dbdf8d0708cc6718,0.0035472855633287034
ck_dbe58392635133ca,0.02103073975718459
ck_dc16f939c2f44ad8,0.10538682430581624
ck_dc3d8b5c17b67ae9,0.002538320935740781
ck_dc4db8b932df49de,0.0600784864994264
ck_dc569c1167ccec0d,0.48016877430724336
ck_dca0b6ca93311ca2,0.013925270499896312
ck_dca9dc465f759db4,0.01840243109126044
ck_dcbab304b55a42c7,0.011075012958296278
ck_dcbe6814fc4ca0b4,0.029050278357727978
ck_dcc125b178b79566,0.0010804218185865883
ck_dce1fb3acd65562f,0.008377801169838259
ck_dceabbe04d99afc2,0.0021443746406220165
ck_dcef7887a4f1e435,0.04280040182058681
ck_dcf851e7bb5855d0,0.0029481913653198813
ck_dd0e17605f970319,0.0228689121661316
ck_dd1c490050cd9051,0.03089862407940377
ck_dd30558576b45e7b,0.010160332706146651
ck_dd34f0a844fb115d,0.17960172991752327
ck_dd3feb77d7d4f6d3,0.02045701196818749
ck_dd78cb6ae2866cc6,0.014962628928414086
ck_dd882323474431d4,0.15180739267784854
ck_dd89a282375bbab6,0.050196883017681146
ck_dd8edfefa1eba531,0.002208318858029162
ck_dd97429277a2fa00,0.03009571579858557
ck_dd9c5f0c42878e67,0.004515914482055645
ck_ddaf228487858bb8,0.01450995305822242
ck_ddc11fc481eef58d,0.01821296281484324
ck_ddc3fc99eaba2064,0.037278051786084586
ck_ddc7c1f3d45fe6e6,0.030766174519204117
ck_ddc865af1dd5670e,0.01517881996704672
ck_ddcac1ab765ff61a,0.03347433228944855
ck_ddd65711b5651f89,0.002088841524684601
ck_ddd6625c5eddad70,0.0007822700663229066
ck_dddd14091ce812c2,0.01385883955220562
ck_ddf787359d2b5deb,0.0065204254729399015
ck_de056e37c82e8e00,0.015900669770661298
ck_de05f97c3d40dd1b,0.042708412375834434
ck_de13de941bebc7cf,0.0019724742634578633
ck_de2924955926d046,0.014120756514716627
ck_de39c1947fb675ee,0.04044371942308243
ck_de436e7b319be1fa,0.9944436762238964
ck_de58ef6f9fe2b546,0.009036981808888575
ck_de5bb7a4d091386d,0.487953002569863
ck_de5eaa2cdbcb67ff,0.019724430086368087
ck_de7259c3741db179,0.01804500933527518
ck_de8494b13adeffb5,0.00547395600490884
ck_de8af660806b97b5,0.002929109270943882
ck_deb3ac0606d6f6db,0.005539789539519658
ck_def344d68f06d749,0.007457830426375667
ck_df0a8f20ab8f14f4,0.015441812731785128
ck_df1585c7d72a96e0,0.0029441221781799734
ck_df1a6edaa3e6b271,0.006699578285489218
ck_df1f2dba802296be,0.32066131950228494
ck_df20cc23b8fb8e22,0.029004610651574992
ck_df39e3b8a9fd0bfd,0.702790489658281
ck_df4424f6dd85080d,0.05934148778987861
ck_df520a7a6e405889,0.01997616487235461
ck_df5aedb4118020bf,0.9765070183076436
ck_df65967b8b40319c,0.0008473662156738913
ck_df69858b8a8b3165,0.011468305624668718
ck_df6fe4ec5a233213,0.0034383865671690325
ck_df87d6f61a63eb21,0.00802974700374288
ck_df8ad2deb0a4ffed,0.012216246878397253
ck_df935d8bdd44883e,0.011673477017189767
ck_dfa0ac11fcb1dabd,0.0013293276285170235
ck_dfaafdaefa5716b6,0.07579009371805642
ck_dfadff70a58a9133,0.002528698503951172
ck_dfba788f35d4c372,0.0026821660277639822
ck_dfbb2056f1ef7d3b,0.045170659473496966
ck_dfc6f5712d8d6678,0.07960702857248501
ck_dfc8f5c141fd7c63,0.02887276013403558
ck_dfc933493561d84f,0.01419319065334923
ck_dfd3dbd0d97a642b,0.010268320125891803
ck_dfd4e79aaa967b63,0.00785782488728857
ck_dfee9de05e3971cf,0.002476267543152402
ck_dff090f03ca5529e,0.0019292093554013302
ck_e00332597cf1eb24,0.016848068755358676
ck_e007aedbf37d6ec7,0.024079344483663768
ck_e00e82a9419ff086,0.034005293175371
ck_e013d88ea7939616,0.013393549162151897
ck_e0171f91cb3411fe,0.027526211442586164
ck_e0239e6ae30795a7,0.010980348815852931
ck_e02f93f51cc8caf3,0.0018876042886782354
ck_e032068be7b77d15,0.28895098843538414
ck_e0346d5081e640e8,0.05254517186835451
ck_e03a9d8ac94161d5,0.001838530602486045
ck_e03b7d0fa0b28f4b,0.002133116586472866
ck_e0403d507519b7d2,0.00903524966633993
ck_e04166b0ce66393a,0.012082841588118263
ck_e0571312f395cd94,0.013060229194756889
ck_e05d44e46c7174e6,0.026810571333178136
ck_e05e91cc180063d4,0.25725143160440067
ck_e066f71f8b296b7a,0.0018026780599758566
ck_e06f6fed020ae014,0.00569203883477212
ck_e077d004cd1d80ae,0.046633195731826636
ck_e07fd57565c94c28,0.057582363367437994
ck_e08e9c8ec5f23d8b,0.023692040176131832
ck_e0983999ca26c19e,0.011472918003088778
ck_e09c97520eb0533c,0.0026206710674933943
ck_e0b3158111370118,0.013422066066675392
ck_e0b7e2c0bbe228d9,0.0025575842164328563
ck_e0ca2c819658f6b6,0.9745182592728601
ck_e0ccfa0d689339be,0.007283488729708801
ck_e0e90b196bef3c11,0.0024800207463719667
ck_e0e9cfabb979f428,0.009455208362009937
ck_e0f3ea3373dfc4aa,0.039489582444090884
ck_e0f845159b6e6a4a,0.023487508450238195
ck_e0f9506a6d5f4a1a,0.0033966921142843417
ck_e0fb11fc9dcb34e6,0.007124869401843066
ck_e107537a4cb738f4,0.008634016175425589
ck_e10ff5c38bd18470,0.027003065163545604
ck_e1140be6157bacbe,0.002830059359654027
ck_e12a9f7d027e3387,0.014216105458688602
ck_e136e20c1c74fe38,0.010916048216827625
ck_e137400825a1e3e6,0.01186940304922438
ck_e14681aad43e1a72,0.05057701990027179
ck_e14892e424180549,0.0009744203041469529
ck_e15252ebd7553422,0.015789982696839757
ck_e155cf506b2fb699,0.013170762006683087
ck_e15e3390f5ed45f3,0.024054633841622344
ck_e16528edc694fb33,0.9060100853008011
ck_e1790b3aa2241b10,0.9296771591158239
ck_e18ac29ea62cb435,0.08537117993759699
ck_e1b1e7a7e4a15b3e,0.027561727036773512
ck_e1d563fab4d6116a,0.0012134367604066739
ck_e1d5ad20c737c745,0.03863254014562429
ck_e1ff9e31becc27ae,0.052135446442134276
ck_e21a900556b382ad,0.017529629362961135
ck_e21f9f96f597695b,0.012880136739830616
ck_e2374c7136c964fd,0.07891165007524399
ck_e23e50e02cb3904d,0.0726433544656407
ck_e25f70d0b7229420,0.00738724701846357
ck_e267999226b6321b,0.0009692588440801353
ck_e26a6659c237b650,0.019935090316047916
ck_e291cc60920456d0,0.30737922697967773
ck_e2a1068c2fa22525,0.03683424989435569
ck_e2a2ce9b8cf44c63,0.01661509683037967
ck_e2aa7be60794593d,0.0387676700563812
ck_e2ab04136a442a98,0.0024455082689500323
ck_e2c66c72cc0b0f78,0.05076653281806463
ck_e2d1f212f259539b,0.015972493827323957
ck_e2f792fae128b18e,0.20297473379446843
ck_e2f88e202b6f700a,0.08344620044087868
ck_e30cb64302939f38,0.09590823858293111
ck_e30db36e376606f7,0.2175875963974878
ck_e30e17db5473c7b2,0.0026514662335342526
ck_e322da8b213eab52,0.002044507397846828
ck_e35a4b4a3cb4cedf,0.004588564212720117
ck_e35b2ed08b9e55a7,0.01379790599256497
ck_e35eb857c61548b2,0.88442746031635
ck_e36c8da1bd359960,0.094436975722979
ck_e37196b20968b73c,0.03347433228944855
ck_e37cee7b123692af,0.019946434935168407
ck_e3894ed88a7977e4,0.00222041922000518
ck_e3982142336782df,0.031230415498067612
ck_e3a22799716df39d,0.006537718178422923
ck_e3b3c5a80a567418,0.005401046803143867
ck_e3cb5f31d8e94448,0.5187843073740009
ck_e3d4b6f681c783ab,0.03625128276713416
ck_e3e95546a84d0ed8,0.03520996154316292
ck_e3f1d85fa5d49396,0.027640486826758112
ck_e40a156511345d6a,0.003183789138225306
ck_e42206e91f6a1752,0.00859852794087901
ck_e424148c6f2223df,0.0014640942688875043
ck_e43e53cc7b8b8e41,0.04957955173058236
ck_e4459115cd8e5e4f,0.0336284542370353
ck_e45012f22b7f91d5,0.0014599861348884317
ck_e475a3b8ba870a7e,0.010737777111102199
ck_e48d14d5b70ef5aa,0.005371588847097672
ck_e49b5e4f2f2e79db,0.2597813156866132
ck_e4ac22046699b99f,0.014631789007365843
ck_e4c0fc52c82065d3,0.025071528411909606
ck_e4cf189a8d31649a,0.0037033498079578073
ck_e4d0a9e1102a58b5,0.006087515726062427
ck_e4d6dedd97233c07,0.021903925848422694
ck_e4df7faacdfe8c40,0.018385434621774305
ck_e4fd8cbd842b6993,0.0022459349251291684
ck_e5018f9418e0102e,0.035334627510777726
ck_e527fbb9450a4581,0.875776845561578
ck_e52cbcd9aafd26b2,0.007510093645124677
ck_e535fb0f0c00418d,0.09581330217883607
ck_e541967c681cb929,0.0376329962643621
ck_e556c4d36aadbe03,0.002153642014731556
ck_e55b7fa67db1ec27,0.0008209004175470454
ck_e55e5bdfc0242aef,0.05995622724227471
ck_e55f5ca37f30ce8c,0.0069651741636802674
ck_e560f720a988d8a2,0.4797017845206145
ck_e57b94fe57341058,0.018766891049728434
ck_e57c79eaab35ded7,0.007257647096712671
ck_e5c30947b732f661,0.14242223497980083
ck_e5ca550b39ed45bf,0.12624380597778692
ck_e5cdbe3aa12c97f6,0.0083246948963966
ck_e5cdbfcca2456652,0.010338881789724969
ck_e5d1462846154a75,0.025513259083516926
ck_e5e2624b7fc89774,0.0611618274207996
ck_e5e5dc431bed6f9d,0.013232805025637732
ck_e5ece47d0dd10526,0.01573550464016341
ck_e5ee006ecd8ff661,0.02547211277841605
ck_e5f5cb7dd6ce4a37,0.029729039727072564
ck_e5f7b99ba6ec5767,0.05884996510260566
ck_e5f8c8a5824db594,0.010046617385535018
ck_e61c8721e3ef1921,0.007752979323982601
ck_e6222925762273b8,0.08140805385081677
ck_e62eb708d2688fae,0.004410143643610115
ck_e63256667aa19070,0.027104819823344815
ck_e6465c56b337e6c2,0.014190619341376123
ck_e64f0df63e1be595,0.019086524117915473
ck_e662b14b2bab23a2,0.32090548670961855
ck_e666629e5a41b39b,0.016817217379364115
ck_e66ae4fd586fedea,0.04681811353831634
ck_e679fbf4f4f4aa07,0.004721181161532151
ck_e69195a3c885053d,0.0013601984338400574
ck_e69d27e8965df0be,0.001145588472929124
ck_e6a6caf6e7de17c2,0.002609138767037853
ck_e6b95ff91116a592,0.003909981877766229
ck_e6c584b4b1ad6d9d,0.01623239363220219
ck_e6c8611c0cf233d7,0.0018544809698417223
ck_e6d3ce445b86003f,0.0019857816413245298
ck_e6de67c0d82a7b83,0.007575466729605971
ck_e6e7257377c37b28,0.041629663565304696
ck_e6fecb82fc2a82de,0.011468305624668718
ck_e6ffd0754ac08661,0.003306574022570945
ck_e70418b00cbbbac9,0.09796840385381099
ck_e72db9d4b2fc9997,0.9296986950545556
ck_e738e920bbd74a7d,0.015320947057018051
ck_e739eaaa7a1822f2,0.015409340500603037
ck_e73caa3771ec5e0f,0.005916829866049275
ck_e74716a525ee5b24,0.0004789225803212991
ck_e7501307c0698e5b,0.020959453756205036
ck_e76257caa98dc25d,0.9207909939052092
ck_e7651fb87bb24132,0.0031610704776546404
ck_e76db7d2562f9836,0.02309811228873218
ck_e77529651c416cf7,0.044124189351543185
ck_e78ab4ff52b5fd2d,0.008296717045068007
ck_e794741742fb2619,0.03295257248879079
ck_e7a3881c3e36bd51,0.3694070859887829
ck_e7a3cfb9bf908e80,0.04393706381574096
ck_e7a530e09d113dd7,0.02714584398694429
ck_e7a6b925c8f39a85,0.03176154437462144
ck_e7b4016909405981,0.000815636262401879
ck_e7b40b60786c1530,0.0035555557647727006
ck_e7b583acaa3171a2,0.009248359677320198
ck_e7be077aa0b2632c,0.003962691935363479
ck_e7c212f16d6df272,0.011265516220321401
ck_e7c8a9e4641eb9ed,0.0012323655131294424
ck_e7d903c50d353361,0.010941661856447724
ck_e7dce27edb700f27,0.009087473300021376
ck_e7f61b4a39ba98ac,0.003560677527558882
ck_e80883208e8d0453,0.04140380712556508
ck_e81fc223bed3c46a,0.02234405299117826
ck_e8298ff2dc1e9d50,0.0074171492306306375
ck_e83409471d2b0b44,0.01544754052570713
ck_e839d104854945f0,0.00496488692806763
ck_e842fb0cf055a83b,0.05673137516954631
ck_e84abfc0c747c9dd,0.9161826500206287
ck_e86ad2fe815b6ed9,0.015057196852753687
ck_e87897767c612942,0.016693442937724443
ck_e886ba71d4a6fd73,0.0229401726534451
ck_e88e86b19cada4aa,0.018717068641597227
ck_e89d25ed7bdeeaea,0.003187088279273636
ck_e8a6acea22b20312,0.10926857897549501
ck_e8b5bfa6838e28d1,0.016100692674783357
ck_e8bc49e6494c1f37,0.001386321000141587
ck_e8d37262e859d9a1,0.012056505752140317
ck_e8ea56e122a5a487,0.017747230262392336
ck_e901dec0e09eccbb,0.00257158895575931
ck_e9047964952bee70,0.02570161701403545
ck_e914974cee1bccb1,0.0027400394082625367
ck_e9287b6d909d731f,0.0039614766825215334
ck_e934f984bad2ff91,0.6071188838076144
ck_e949a0f4df0b3902,0.10572924001838163
ck_e95c8cc1864bd584,0.005603185911738389
ck_e963d8525018d072,0.0134731104246018
ck_e967ff05514b697b,0.06639489077609333
ck_e96a5e1f08f8a867,0.012234387663947697
ck_e971faae8a10a260,0.001548803684604911
ck_e975002c979e12c7,0.07688722603507273
ck_e980d325b8dbb8dd,0.0011870344213004585
ck_e98429675b46272b,0.0037033498079578073
ck_e988c108754cee9c,0.01847341911332887
ck_e9a2495dea8675e2,0.03341511387741538
ck_e9b0bca7368555ef,0.001615637486577864
ck_e9b75ed7567a3f23,0.030102572472445514
ck_e9dcf535f8c289eb,0.11727779047937119
ck_e9e3381d5e0e5051,0.005771529517789102
ck_e9e8cacd2fa35e79,0.021975390563623035
ck_e9f228845bf6e28b,0.034358112745257796
ck_ea1e5b5128ecba2c,0.0014744933885417497
ck_ea269b35406473e8,0.002182682839235384
ck_ea2a83ccb8d57490,0.0010384755171980679
ck_ea4332c8fe48e2a3,0.014588613687304386
ck_ea618f720ff0b4b0,0.004357840189675033
ck_ea623358f704daa7,0.23892363948788573
ck_ea62ebfc1f04b49a,0.012876554132225172
ck_ea819e337233475c,0.4206642707360912
ck_ea835557d7043667,0.002832206807504285
ck_ea9edf9c107d429f,0.005086139666270251
ck_ead68310311690c8,0.8412526332751257
ck_eaebaf4d28400fb8,0.025451342127359822
ck_eaec5f1a83b66eb0,0.7087318743430212
ck_eaf3b6d11bc3cb11,0.0021645613436180665
ck_eaf6f7082c3db2bf,0.05756038591316083
ck_eafe9b89857149b5,0.024080787533528124
ck_eb1006e7285184a6,0.09372973306154785
ck_eb1ddfc353b4da83,0.0023127595457487376
ck_eb224c0fd146253f,0.20661707802769308
ck_eb2323215ff70362,0.02652503651822696
ck_eb264d1b180d4b4c,0.004469299657043113
ck_eb3fb1106f2f1b21,0.02356620941354703
ck_eb48c0bcd12ea654,0.021180060007176083
ck_eb4f4267e24d042c,0.010148589776393654
ck_eb6baff0f85ba936,0.024673748923930355
ck_eb9f0c06ee017ee5,0.015486412316050923
ck_ebbc9418cd41f692,0.0014281220326116297
ck_ebc5a2c6cf88e252,0.04604259019900594
ck_ebcb93a2990fc914,0.03487029373101916
ck_ebd0a45712dcf07a,0.008723796763046288
ck_ebd178b3f3a9c50c,0.018133336602659263
ck_ec01ae5351500355,0.0019601629305565204
ck_ec094eb1cbb3efc5,0.002631372879382662
ck_ec1c902b9b9b9c5f,0.21535412869434545
ck_ec26e327cc1848b2,0.005587304558454656
ck_ec2eee6a133e9a6f,0.024367437418019743
ck_ec30b61cbf517db8,0.02048665681592639
ck_ec3715add8bbb6e9,0.0009236798289166974
ck_ec3d12848ced99f2,0.02324710911109246
ck_ec3eb6dd0967cac5,0.06460287729561093
ck_ec4dd3675a8d28cc,0.011953079054235899
ck_ec4e597f17f473c6,0.0036037047977810653
ck_ec5ea81cf813597c,0.024519478428859216
ck_ec7406cb5cbc8f10,0.0014526072700154714
ck_ec8738ec663cd2eb,0.01704170567027799
ck_ec986285fff05b7d,0.006170193171216787
ck_ec9976cabc63ff92,0.0010105253705251268
ck_ecaa6de0aca5e9a0,0.004335346544459301
ck_ecaa6f13304e3dc5,0.001980427934890464
ck_ecb1e15f0b185ceb,0.027078140178635496
ck_ecc18f40b33be769,0.18332378860761137
ck_eccfd552aa652d3c,0.021520921964561502
ck_ecdd01a391610d99,0.006301069952585719
ck_ecf006bbc78ee3eb,0.516192172640311
ck_ecf9794349eb4b3b,0.018960189628214847
ck_ecfb771ed2352085,0.013521315023903874
ck_ed01be7504dc4187,0.08376339127769646
ck_ed0c4a83701ca230,0.020166999598737818
ck_ed0cc1b1c28f9511,0.02898970178681337
ck_ed0e776c0926ce67,0.034983360335716945
ck_ed26d906883bea0a,0.0036896153885681224
ck_ed33f8a937f9c7c8,0.011278924165439045
ck_ed4427962c68918c,0.9370315320714976
ck_ed471e496916ee15,0.003106269546826302
ck_ed8f1200fc049c40,0.8379072762287022
ck_ed9c56fdb9f45ddc,0.6917446622483194
ck_eda55c8fb47593d7,0.01471441884044816
ck_edc9668282e3c8cb,0.03120309164973322
ck_edccb5a93b741744,0.014909640445095242
ck_edcfa9e1cf29d813,0.026796211840615876
ck_edde1d7d1db24725,0.020237647567141408
ck_ede2e887697ffac0,0.001264296880177497
ck_edf1096809e83ef8,0.013409529120412308
ck_edf229c17d25dac1,0.06318545110144058
ck_edfe8e90e8f4366e,0.018821863947390067
ck_ee13c091bc379188,0.015764152480817393
ck_ee387f9da79e67ea,0.03280518477137618
ck_ee3e7c9d3a9c74b4,0.10725111793002029
ck_ee40498cd97183d3,0.0037033498079578073
ck_ee4d9a7449515908,0.0024282211354042394
ck_ee4ff3aeadf912c1,0.0019292206422761653
ck_ee52c7bf88f952ab,0.0202135185155851
ck_ee535461b5f05539,0.11457594372985716
ck_ee53ce862bc9c111,0.041455649560751866
ck_ee7a515e87d17d4e,0.016016689425342467
ck_ee949c71f4f702eb,0.9395843582435044
ck_eeb75f8a6439f65e,0.018729251218617703
ck_eeb854318b3a6f0a,0.01721248899563215
ck_eeca179341d56f8a,0.5692313992274112
ck_eed7f1f7548df15b,0.0015730002933918197
ck_eee99af3598311b8,0.09411451467706522
ck_eef67f8dea702338,0.08530666406762259
ck_eefcf0ed15897898,0.007476572773814392
ck_ef059997563e3330,0.02097560191666707
ck_ef0d702d7b0ed745,0.0023163092401592288
ck_ef1a1de20d2124cb,0.06549524207423642
ck_ef261fc09be8eb0b,0.0011580051212994914
ck_ef307a6aee38d1fe,0.8096707353727746
ck_ef33c04f4c9e3758,0.023717258632547124
ck_ef346071f0b7654b,0.013322309959017236
ck_ef6f8e048ae1bd4b,0.00998797959645566
ck_ef8a6af43fedd464,0.005083493359369638
ck_efb24be983342f75,0.005906234499745884
ck_efbc79246e32c66a,0.037149379995476316
ck_efbdcd9c181e72ca,0.0037033498079578073
ck_efd7b9e22c6317d6,0.007513345493499898
ck_f0093064aa28f4d0,0.006663338197780814
ck_f01af1b0c977cc06,0.06937564012911167
ck_f01be92dc78a2dc7,0.010700627195666312
ck_f01e94331067edf6,0.004266025447775998
ck_f034adb57391f3d7,0.005170898865372389
ck_f04040a830f92bac,0.003480593080917268
ck_f04062216f95fa00,0.033278442253433786
ck_f0424b3b36bdbef0,0.062388492798168056
ck_f04761b4a937ac3b,0.009189243853518051
ck_f04938570a154de3,0.00475873465483016
ck_f05f5e4b40afa52f,0.04328963387062398
ck_f067470743d3c7a2,0.11563605975534517
ck_f06d00a4f9c87d80,0.0014101322810039856
ck_f07b09879d697b82,0.001245314541350076
ck_f07e27d125497b66,0.03465140412941198
ck_f09165d73ee903b1,0.012693833775261154
ck_f0982bbdbd122f91,0.00603592872669223
ck_f09f9d0e0886e0c6,0.008323982487019748
ck_f0bc3bdee6bfbb94,0.026875650031317585
ck_f0c18cb9f951a71e,0.03877998376706071
ck_f0c44ee5e3a42e3d,0.047538100117328154
ck_f0c4aac04076a6dc,0.05155542525367811
ck_f0cbd5383bb07778,0.02837461820155968
ck_f0cf85b67a9b840f,0.044355865223053584
ck_f0d349d68249d5db,0.0015699169043835697
ck_f0d6633d0834fff5,0.05284889301342777
ck_f0d806624ef3d359,0.019059291164514196
ck_f11b1565f986f5e3,0.060699381979997906
ck_f11be8ce05382cec,0.0033595852673328802
ck_f11f7691af16ad07,0.0021218077123211715
ck_f143641bf3dd0414,0.0464866613750954
ck_f14dce41036486a3,0.9753961530891219
ck_f158d9e5f101bb35,0.019766866779645155
ck_f17ed7e0fd687742,0.1003564871707299
ck_f19030e6e85a6776,0.052076880905038404
ck_f1a9d832b700bda1,0.9743217015901878
ck_f1acf73363925958,0.00303370467383073
ck_f1b80b821a20186d,0.02488767660272961
ck_f1d8a2695a575e56,0.004329630253009785
ck_f1e0a006068aff29,0.12608642380419963
ck_f1e1c8491f16f912,0.002529482543936362
ck_f1ef5cf7f10b16c8,0.017535500648048825
ck_f1f2c3c623553f0d,0.0015192351611382285
ck_f21efd504faa654c,0.014192355868765936
ck_f22aacaf86a65d7e,0.03782508711791707
ck_f234ab47061ba7c0,0.0011653424679619548
ck_f2350bf355dc919e,0.016407830369790596
ck_f253130dc3ca5b3c,0.005140347368343834
ck_f268416945316815,0.007928012737312432
ck_f271e855925e8d6b,0.22833707606858725
ck_f2734417c0db4ee3,0.001696616554825147
ck_f280d31f54a4710a,0.006687517810805023
ck_f285e5e1912a7c62,0.002783652809705272
ck_f29471fe7c818d6a,0.003099180067333024
ck_f29dbbfdd2786bd1,0.010427669110208999
ck_f2aa1b677619ab19,0.02161584876155494
ck_f2b0e7a47f442557,0.8667416253760803
ck_f2b8995fe5402759,0.0037033498079578073
ck_f2bdcfb4203ffdee,0.037434517632301524
ck_f2c33d5b65b321db,0.014186808482319091
ck_f2c7a4c50e2ede96,0.01855334775097868
ck_f2c824d3473db24c,0.0076408213951207095
ck_f2d3e3d90608596d,0.4522944343368454
ck_f2ddae2eb1cb29b4,0.0030515231033552935
ck_f2ecab85d4693b4e,0.0016895911806846533
ck_f2f3cf9cd23b2809,0.07603307559201314
ck_f301f6758e170d66,0.016278201366178812
ck_f3199fbe84a28b9a,0.09132249187360829
ck_f33188c232a03526,0.20324103996581097
ck_f34c93a8173555b1,0.048040321979277836
ck_f34fb7ccf82f41e5,0.01002166954509938
ck_f3996a3c8eea1ea0,0.020660844584176597
ck_f39cfeb277ef6528,0.0018459040396824767
ck_f3ab5dd853d38252,0.009226579858030357
ck_f3bc10e3decefce4,0.0024199298266577365
ck_f3bce4eccfa6d6bb,0.009015645957974532
ck_f3c16d8f747db046,0.04151575511586631
ck_f3dc0725621b3a35,0.0010799269428120077
ck_f3dcd818db92de7b,0.013834883750667376
ck_f409ff994a210601,0.058989735625645315
ck_f42a43e4c3f34ccd,0.002656489035408192
ck_f437a53fc832ec95,0.7132458832876066
ck_f439f16f8693883f,0.021266528923134756
ck_f4536ba8dd2d551d,0.008631653384559127
ck_f45bad1606fa00a7,0.005523133400055486
ck_f473a03fbcdbc4b0,0.0032938082017667713
ck_f48acb73a5d6af07,0.057087863860952784
ck_f4a2bb10afa85743,0.007954211086726965
ck_f4a6a7cadd6e0603,0.14455957061375127
ck_f4a7ac178fd55f0e,0.0015468723045992641
ck_f4de03f44e3a5bd5,0.011281118704410724
ck_f4ec334be5266378,0.003612584342509298
ck_f4ec4a935e51b4db,0.02868446121889738
ck_f4f6f0caaab70040,0.0021424559083068812
ck_f4f83b1403ebea46,0.0058312135513930935
ck_f4fe78e249092ab1,0.01922673095096513
ck_f5100511609b92c0,0.0015186355863026576
ck_f5178a658225d8e4,0.002257559300377274
ck_f517f06551e69507,0.006701895361377878
ck_f51fe59cd445d2cb,0.011676030094526961
ck_f538ab6aecf2adfd,0.0006998246289405504
ck_f558fe02bb0219b8,0.010473620935524319
ck_f56073911c9f1ab7,0.003940975737555722
ck_f56200205280bddf,0.038671694578630934
ck_f568772b6cb3febe,0.011538341088167103
ck_f5791fd8fd8fd191,0.047099252441943316
ck_f5882e6f98b8b4cd,0.002155049796537106
ck_f589f1e29301b5fd,0.02357245042957486
ck_f5a32e6160b28379,0.0075008629249651
ck_f5adad75e1c06731,0.05975855457865955
ck_f5b1200dc6f95760,0.04881380577966904
ck_f5dde68f6f0468e1,0.002610696805265931
ck_f5e02a3432571b20,0.03547406893890073
ck_f5f87f772388efa0,0.026713711914140712
ck_f637fabf0f60528f,0.010828402612965426
ck_f63cb5e8cc702bad,0.011529121876529292
ck_f655399ac75c4450,0.03323956220357826
ck_f65ab819373edb37,0.008895851052477418
ck_f65e5ff7da565f91,0.0016828724966439386
ck_f66f06e24ff32671,0.025328023889923806
ck_f67ee7910d532216,0.02663715859187769
ck_f6923088c17a04e2,0.08656546366007055
ck_f69e93388b3028cb,0.3560031063252486
ck_f6a4a7ed27fe76fc,0.12045021499051445
ck_f6aea576cde8d592,0.0008048966559930567
ck_f6b7a10d47dd9a1f,0.007448963511978572
ck_f6c42001b84a10cb,0.5769197630339163
ck_f6c909c205767956,0.02917116159009149
ck_f6e9d14dfb6f3c28,0.0161551119895108
ck_f7112818a6d81422,0.014638921929110578
ck_f71a4094e889c3af,0.0012395492970741326
ck_f7276091bf513d22,0.005136532216092031
ck_f7285b92648c1c81,0.002995800918316713
ck_f72a5a3b0d6c1177,0.006053108340232705
ck_f7305b3c64cf8a03,0.06103372726793511
ck_f73273e220296be8,0.11574419444270113
ck_f736cffbdb82db34,0.001070536099862318
ck_f738b633b8862d18,0.000870433779542667
ck_f744e208183971f8,0.0018047203704323466
ck_f7485cba392bc294,0.030620217663351715
ck_f761b7650a0c1a85,0.008879392115645675
ck_f76d929541ed41dd,0.02517805975937711
ck_f77dfe6512eae322,0.019625413882756633
ck_f781539b1042dc83,0.014623959993975151
ck_f786cbc987b70930,0.0013186563831919197
ck_f790d91e5ff0eccd,0.2555291600665926
ck_f792586ad0381eac,0.016353164053168303
ck_f7a07283345a0dce,0.0023885758728368718
ck_f7a7f8f5903617c5,0.041433483744793054
ck_f7bc569b37e8bdda,0.02163847870979302
ck_f7bde7265053364d,0.012815043573365293
ck_f7c6c26ef3c4ae06,0.03269361111146832
ck_f7e53af3c91fec64,0.021793722107158263
ck_f7e958a286ae3b57,0.003508908892106018
ck_f7fbc95ebf584379,0.01304291736325501
ck_f7fc1bd0b9ab1fa4,0.05215425709966793
ck_f7ff94c3df5ac874,0.02780761003793055
ck_f80af368cfc6cb7e,0.05748979687556327
ck_f8124911450fdf31,0.736920914044567
ck_f81a97d350397306,0.020603095971397315
ck_f823407ace7ff064,0.04051098069309986
ck_f824b326d5089885,0.5215304731570242
ck_f85155ca5c312c7b,0.022928754981239835
ck_f8540cf3a8b2f8c9,0.044355865223053584
ck_f854fba8f4adae3d,0.1679016566404034
ck_f878b68d66fbfd4b,0.0017755413625628906
ck_f87d66946252476c,0.45031970663032544
ck_f88028c3f306bc70,0.01606566568040657
ck_f88c79186a082beb,0.016381439098279042
ck_f89719a854fe11d7,0.07772795752024024
ck_f8ac3a0500c0ec62,0.013450549185788238
ck_f8b3cdffef535330,0.031511305200886165
ck_f8b6069d7577fde6,0.004946592337781336
ck_f8dc8473c2772729,0.18076634599193148
ck_f8f6a03613b6dda8,0.002837719272248757
ck_f90293f1eba5d7b6,0.07439066611132969
ck_f908b527c4db422d,0.0431717071874529
ck_f917c82af80e4a79,0.04200090096311599
ck_f9197b070416f443,0.0066263563926888865
ck_f91d48c40337d375,0.003796885117521929
ck_f928dba0d587d7c1,0.001903597909954026
ck_f92cd37022b0ce21,0.020953168630491518
ck_f92e04024bf13558,0.0012250534339088666
ck_f948e8a8fdd79b4e,0.010370554972573135
ck_f9604adde929beff,0.0027634313627618217
ck_f96db2a1f3448d1f,0.018388591182237367
ck_f97c477986043755,0.003438166477656062
ck_f99738dff854e25f,0.001241288615321723
ck_f99bc1732ce5e999,0.029021605639501864
ck_f9a68da9e0f0bc85,0.002787245421471634
ck_f9b439c9161c3e52,0.0068436108570674595
ck_f9c4f8b4ce2691f0,0.005904710258847339
ck_f9d481aa4f9b2808,0.18932928660226808
ck_f9d8b4813a88c1e6,0.009483607717675481
ck_f9f93d1d41be1468,0.885557484334856
ck_f9fc468915afe49c,0.07996326495331017
ck_fa00aa0f3e859904,0.015956337233338797
ck_fa04ac31e596e7d6,0.10081485676236768
ck_fa0b234481cb57d3,0.027416767629960904
ck_fa0ecbcf9a33d6ce,0.002673889714037421
ck_fa24db9d416ab904,0.012445687570376424
ck_fa321945ebedb916,0.0320340549323181
ck_fa3a766e49dc77ae,0.02304476076776996
ck_fa3b1e85d27af2ee,0.030406373646347105
ck_fa4211c4d826d830,0.0008856302952523421
ck_fa4b60387d744fc5,0.0026566732340916987
ck_fa5830d81bc8ddc1,0.0018512619540682767
ck_fa5ba9ed9ed6a343,0.05074485079390901
ck_fa7d5be26bf7b31c,0.07668263593146808
ck_fa7de64d37287615,0.02930674960576358
ck_fa80da579ea9afc0,0.009574360150749419
ck_fa8a4a9e77799fcc,0.0007777227090611699
ck_faab769cce19879a,0.06005045601678003
ck_fab4f2f8531b4827,0.0044922892445315235
ck_fac046ce336fe39d,0.0017947000660136925
ck_fac32d76ed40f683,0.009566327536988889
ck_fae7e518a585fa61,0.05481530251528707
ck_faeb0da678bb86c0,0.004177482467962044
ck_fb00aae4e17740c5,0.011468305624668718
ck_fb00dd5021642507,0.01340072355431411
ck_fb04ecbaebb774bd,0.003519735085423612
ck_fb0c138c003e933a,0.0015037883123573937
ck_fb0cf32c4a56f740,0.029120680236713874
ck_fb2a35571ec719d4,0.07108977758505151
ck_fb3b68b4424b5f92,0.15877551138686086
ck_fb44d15fb93a7157,0.02136300230822573
ck_fb4797045077bc6d,0.0012611163290988181
ck_fb6e06ca88519dcd,0.008898598334850507
ck_fb90408f4892a21f,0.01035720322330727
ck_fba15647b3a140d9,0.011812690587336905
ck_fbdac0221bc03f66,0.01076546275056566
ck_fbf630c960194033,0.0066140583632775555
ck_fbf7351958ad9615,0.006725211929431185
ck_fbff7b5da8111567,0.0038104880049443504
ck_fc0cc4b25e6a8194,0.013537453434925108
ck_fc2a6e27b10b10e9,0.0052928927797039884
ck_fc2cb29918631f10,0.04684643339823467
ck_fc3d95030b81f416,0.0007176158645429773
ck_fc40a16adfced018,0.0016655777489656691
ck_fc418f53ce4aa579,0.8779321059924565
ck_fc4a43f8876bf10f,0.3607810080165248
ck_fc4bfd6e739bddea,0.001983689791265277
ck_fc5ea49518e5d637,0.012309336463358089
ck_fc60f42c68c7024f,0.0193070298957884
ck_fc6fed6ea96a004a,0.004219049473465354
ck_fc7445ec76389a58,0.301878062328771
ck_fc7935f784a4f249,0.0012265638367319723
ck_fc7a9d0643570053,0.0013051319990406215
ck_fc832b0c90c9bdb9,0.7147746505409073
ck_fc8cd8a8209e802d,0.003806866636754402
ck_fc9f16df35190eb4,0.2917554584952144
ck_fca2798914627dc8,0.04348236204697437
ck_fca478361870a4ca,0.031491353387085884
ck_fca7cc9c42695453,0.005405567556557913
ck_fcb2a559474c3493,0.025986360818334702
ck_fcc2059a8d5c41fa,0.14058416429683349
ck_fcdb4fe2f095fba1,0.0549397219473596
ck_fce0610c527e2b56,0.00959034453856038
ck_fce0b6855886a0b8,0.016921870728346656
ck_fcf5b8216d0c18ef,0.0028835919235263466
ck_fcf5d4a4748cdd53,0.0013786528876928185
ck_fcfe06e44d09a344,0.032481437119158386
ck_fd038a7d33a9d6e5,0.005593675156851934
ck_fd0483639811f62e,0.12359921070280194
ck_fd242b18575e3063,0.009226579858030357
ck_fd44e34af620e606,0.015706068638963913
ck_fd4582e3853ef23f,0.014420809854028887
ck_fd4cf578e87703ff,0.03921025915355462
ck_fd5609bd23a1eaf8,0.006240412802223516
ck_fd78f8a8663646d7,0.015399265066782311
ck_fd84507228467b40,0.1220216924002347
ck_fdcb1d9265d8fec1,0.02174683481968271
ck_fdda581aec411010,0.0017350376711146441
ck_fdeaa1cd085691f0,0.010076562390597642
ck_fdf0c5b722d83464,0.006421104411001911
ck_fdf89dc69f700f84,0.06768858607922568
ck_fe037765aa465c58,0.09829017690836898
ck_fe0a9372c9372de9,0.005227930658831984
ck_fe1b1adae3be70a6,0.6837313514182045
ck_fe2fc7d6e5d83f09,0.0060482847934618415
ck_fe33eb743d714c03,0.02254582173046262
ck_fe3b67041dad2dd1,0.010847192542222186
ck_fe3c1d0ac090d960,0.08751778060628324
ck_fe429ba3e1aa0e4f,0.011468305624668718
ck_fe43da07608b1749,0.025275709388469344
ck_fe6e168cdbb46b9a,0.07912239457127387
ck_fe8e5a6c880ceb4e,0.004396363747381835
ck_fec0ff92fd622253,0.01761016199222578
ck_fec888a7108ca52d,0.9813300501193745
ck_fecb39c82c43e76d,0.01629979524810099
ck_fef850553862aaca,0.0015213751182806174
ck_fefc49a2b8ad993e,0.022272669401126217
ck_ff090498c4b17ac3,0.004783104943043261
ck_ff182f033134dbb8,0.026045566500658205
ck_ff24776280ceeeed,0.0028299232120966343
ck_ff30dda2c881a4bd,0.5118404079499187
ck_ff3998d6858daa21,0.0010902977075387143
ck_ff42557857ae3aeb,0.0055384918742772005
ck_ff45764ea7d6619f,0.08568381218657223
ck_ff6a6d3547dd2d37,0.013570270160587873
ck_ff7c26a62bda8089,0.0010627590038555302
ck_ff7e31ff8ba731e5,0.014081177173409565
ck_ff8059ae5fa5f1ee,0.00042661096377085924
ck_ff822700f3605e06,0.9984297107905027
ck_ffb4d892c5158201,0.001282845504405222
ck_ffc8e3c1377d0706,0.0021568644722141862
ck_ffe2aa26f597e552,0.018242926767195397
ck_ffe91d6f0bd93fc6,0.08277321613097516
ck_fff9fdc2adf5100b,0.9219977313925903
ck_fffa0622344a36ab,0.0016728748948653662
